day,date,notes,santa_clara_cases,san_francisco_cases,san_mateo_cases,alameda_cases,contra_costa_cases,marin_cases,sonoma_cases,solano_cases,city_of_berkeley,napa_cases,sf_bay_area_total_cases,daily_growth_rate_in_cases,doubling_time_of_latest_daily_growth,compounding_average_daily_growth_rate_in_cases,doubling_time_of_compoounding_average_(days),last_7_days_growth_rate_in_total_cases,doubling_time_based_on_last_7_days_of_growth,new_cases_in_sf_bay_area,7-day_average_for_new_cases,growth_factor,santa_clara_deaths,san_francisco_deaths,san_mateo_deaths,alameda_deaths,contra_costa_deaths,marin_deaths,sonoma_deaths,solano_deaths,city_of_berkeley_deaths,napa_deaths,days_above_10_deaths,total_fatalities_in_sf_bay_area,new_fatalities_in_the_bay_area,7-day_average_of_new_deaths,growth_in_fatalities_(since_10),last_7_days_growth_rate_in_fatalities,compound_growth_rate,case_fatality_rate,hospitalizations_-_santa_clara,hospitalizations_in_marin,hospitalizations_-_sonoma,hospitalizations_in_solano_(cumulative),confirmed_cases_per_100k_residents_in_santa_clara,confirmed_cases_per_100k_residents_in_san_francisco,confirmed_cases_per_100k_residents_in_san_mateo_county,confirmed_cases_per_100k_residents_in_alameda,confirmed_cases_per_100k_residents_in_contra_costa,confirmed_cases_per_100k_residents_in_marin,confirmed_cases_per_100k_residents_in_sonoma,confirmed_cases_per_100k_residents_in_solana,confirmed_cases_per_100k_residents_in_napa,confirmed_cases_per_100k_residents_in_sf_bay_area,tests_in_santa_clara,tests_in_contra_costa_county,tests_in_marin,test_in_sonoma_county,tests_in_napa_county,test_positivity_rate_in_marin,test_positivity_rate_in_sonoma_county,test_positivity_rate_in_napa_county,santa_clara_new_cases,san_francisco_new_cases,san_mateo_new_cases,alameda_new_cases,contra_costa_new_cases,marin_new_cases,sonoma_new_cases,solano_new_cases,city_of_berkeley_new_cases,napa_new_cases,tests_in_contra_costa_county
0,"Tue, Mar 3",Many Bay Area tech firms WFH,20,0,2,2,1,0,2,3,1,0,31,,,,,,,,,,1,0,0,0,0,0,0,0,0,0,,1,0,,,,,3.23%,7,,,,1,0,0,0,0,0,0,1,0,0,,,,,,,,,,,,,,,,,,,
1,"Wed, Mar 4",,24,0,3,2,3,0,2,3,1,0,38,23%,3.4,23%,3.4,,,7,,,1,0,0,0,0,0,0,0,0,0,,1,0,,,,,2.63%,9,,,,1,0,0,0,0,0,0,1,0,0,,,,,,,,,4,0,1,0,2,0,0,0,0,0,
2,"Thu, Mar 5",,31,2,5,2,4,0,3,3,1,0,51,34%,2.4,28%,2.8,,,13,,,1,0,0,0,0,0,0,0,0,0,,1,0,,,,,1.96%,11,,,,2,0,1,0,0,0,1,1,0,1,,,,,,,,,7,2,2,0,1,0,1,0,0,0,
3,"Fri, Mar 6","Number of cases hits 100,000 worldwide",40,6,6,3,8,0,3,3,1,0,70,37%,2.2,31%,2.6,,,19,,,1,0,0,0,0,0,0,0,0,0,,1,0,,,,,1.43%,,,,,2,1,1,0,1,0,1,1,0,1,,,,,,,,,9,4,1,1,4,0,0,0,0,0,
4,"Sat, Mar 7",,49,7,9,3,8,0,3,3,1,0,83,19%,4.1,28%,2.8,,,13,,,1,0,0,0,0,0,0,0,0,0,,1,0,,,,,1.20%,,,,,3,1,1,0,1,0,1,1,0,1,6,,,,,,,,9,1,3,0,0,0,0,0,0,0,
5,"Sun, Mar 8",,53,13,10,3,10,0,3,3,1,0,96,16%,4.8,25%,3.1,,,13,,,1,0,0,0,0,0,0,0,0,0,,1,0,,,,,1.04%,21,,,,3,1,1,0,1,0,1,1,0,1,14,,,,,,,,4,6,1,0,2,0,0,0,0,0,
6,"Mon, Mar 9",Santa Clara bans large events,70,14,14,3,11,1,3,3,1,0,120,25%,3.1,25%,3.1,,,24,,1.26,1,0,0,0,0,0,0,0,0,0,,1,0,0,,,,0.83%,,,,,4,2,2,0,1,0,1,1,0,1,8,,,,,,,,17,1,4,0,1,1,0,0,0,0,
7,"Tue, Mar 10",,85,17,15,5,14,1,3,3,1,0,144,20%,3.8,25%,3.2,,,24,16,1.13,1,0,0,0,0,0,0,0,0,0,,1,0,0,,,,0.69%,,,,,4,2,2,0,1,0,1,1,0,2,9,,,,,,,,15,3,1,2,3,0,0,0,0,0,
8,"Wed, Mar 11",WHO declares pandemic; NBA season suspended,111,19,16,9,15,3,3,4,1,0,181,26%,3.0,25%,3.1,25%,3.1,37,20,1.19,1,0,0,0,0,0,0,0,0,0,,1,0,0,,,,0.55%,31,,,,6,2,2,1,1,1,1,1,0,2,30,,,,,,,,26,2,1,4,1,2,0,1,0,0,
9,"Thu, Mar 12",,134,21,21,10,23,3,3,5,1,0,221,22%,3.5,24%,3.2,23%,3.3,40,24,1.24,1,0,0,0,0,0,0,0,0,0,,1,0,0,,,,0.45%,36,,,,7,2,3,1,2,1,1,1,0,3,55,,,,,,,,23,2,5,1,8,0,0,1,0,0,
10,"Fri, Mar 13",US national emergency declared,180,26,31,18,29,5,3,5,1,0,298,35%,2.3,25%,3.1,23%,3.3,77,33,1.46,2,0,0,0,0,0,0,0,0,0,,2,1,0,,,,0.67%,38,,,,9,3,4,1,3,2,1,1,0,3,32,,,,,,,,46,5,10,8,6,2,0,0,0,0,
11,"Sat, Mar 14",,223,31,34,18,33,5,4,5,1,0,354,19%,4.0,25%,3.1,23%,3.3,56,39,1.16,2,0,0,0,0,0,0,0,0,0,,2,0,0,,,,0.56%,48,,,,11,4,4,1,3,2,1,1,0,4,153,,,,,,,,43,5,3,0,4,0,1,0,0,0,
12,"Sun, Mar 15",,255,40,42,18,35,9,5,5,1,0,410,16%,4.7,24%,3.2,23%,3.3,56,45,1.14,2,0,0,0,0,0,0,0,0,0,,2,0,0,,,,0.49%,52,,,,13,5,6,1,3,3,1,1,0,5,108,,,,,,,,32,9,8,0,2,4,1,0,0,0,
13,"Mon, Mar 16",Dow drops 13%,290,49,67,18,38,11,6,6,1,0,486,19%,4.1,24%,3.3,22%,3.5,76,52,1.15,4,0,1,0,0,0,0,0,0,0,,5,3,1,,,,1.03%,56,,,,15,6,9,1,3,4,1,1,0,6,241,,,,,,,,35,9,25,0,3,2,1,1,0,0,
14,"Tue, Mar 17",Bay Area shelter-in-place order,337,57,82,30,45,15,6,7,1,0,580,19%,3.9,23%,3.3,22%,3.5,94,62,1.18,4,1,1,0,0,0,0,0,0,0,,6,1,1,,,,1.03%,56,,,,17,7,11,2,4,6,1,2,0,7,189,,,,,,,,47,8,15,12,7,4,0,1,0,0,
15,"Wed, Mar 18",,390,74,89,34,47,15,8,7,2,0,666,15%,5.0,23%,3.4,20%,3.7,86,69,1.03,6,1,1,0,0,0,0,0,0,0,,8,2,1,,,,1.20%,62,,,,20,8,12,2,4,6,2,2,0,8,265,,,,,,,,53,17,7,4,2,0,2,0,1,0,
16,"Thu, Mar 19",California statewide stay-at-home order,442,85,100,38,48,16,9,9,3,0,750,13%,5.8,22%,3.5,19%,4.0,84,76,1.08,6,1,1,0,0,0,0,0,0,0,,8,0,1,,,,1.07%,65,,,,23,10,13,2,4,6,2,2,0,9,370,,,,,,,,52,11,11,4,1,1,1,2,1,0,
17,"Fri, Mar 20",,504,106,110,48,54,38,22,13,4,0,899,20%,3.8,22%,3.5,17%,4.4,149,86,1.23,8,1,1,0,1,0,1,0,0,0,0,12,4,1,,29%,,1.33%,93,,,,26,12,14,3,5,15,4,3,0,10,353,,,,,,,,62,21,10,10,6,22,13,4,1,0,
18,"Sat, Mar 21",,543,135,116,68,64,38,24,14,4,0,1006,12%,6.2,21%,3.6,16%,4.6,107,93,1.06,8,1,1,0,1,0,1,0,0,0,1,12,0,1,0%,29%,0%,1.19%,108,,,,28,15,15,4,6,15,5,3,0,11,381,,,,,,,,39,29,6,20,10,0,2,1,0,0,
19,"Sun, Mar 22",,581,153,142,106,76,38,24,17,5,2,1144,14%,5.4,21%,3.6,16%,4.7,138,105,1.08,10,1,1,0,1,0,1,0,0,0,2,14,2,2,17%,32%,8%,1.22%,116,,,,30,18,19,7,7,15,5,4,1,13,439,,,,,,,,38,18,26,38,12,0,0,3,1,2,
20,"Mon, Mar 23",,655,182,164,125,91,47,29,21,10,2,1326,16%,4.7,21%,3.7,15%,4.8,182,120,1.17,13,1,1,1,2,0,1,0,0,0,3,19,5,2,36%,21%,17%,1.43%,125,,,,33,21,21,8,8,18,6,5,1,15,520,,,,,,,,74,29,22,19,15,9,5,4,5,0,
21,"Tue, Mar 24","US cases top 50,000",724,224,198,140,116,47,34,24,10,3,1520,15%,5.1,20%,3.7,15%,5.0,194,134,1.17,16,1,1,2,2,0,1,0,0,0,4,23,4,2,21%,21%,18%,1.51%,137,,,,37,26,26,9,10,18,7,5,2,17,703,,,,,,,,69,42,34,15,25,0,5,3,0,1,
22,"Wed, Mar 25",,801,267,207,176,141,53,37,31,13,3,1729,14%,5.4,20%,3.8,15%,5.1,209,152,1.08,17,1,1,2,3,0,1,0,0,0,5,25,2,2,9%,18%,16%,1.45%,154,,,,41,31,27,11,12,20,7,7,2,20,750,,,,,,,,77,43,9,36,25,6,3,7,3,0,
23,"Thu, Mar 26",,875,314,254,213,157,60,39,34,15,6,1967,14%,5.4,20%,3.8,15%,5.0,238,174,1.16,19,2,5,4,3,0,1,0,0,0,6,34,9,4,36%,23%,19%,1.73%,,,,,45,36,33,14,14,23,8,8,4,22,577,,,,,,,,74,47,47,37,16,7,2,3,2,3,
24,"Fri, Mar 27","US cases top 100,000",937,362,301,246,180,65,49,34,17,8,2199,12%,6.2,19%,3.9,14%,5.4,232,186,1.10,20,3,5,4,3,1,1,0,0,0,7,37,3,4,9%,17%,17%,1.68%,,,,,48,42,39,16,16,25,10,8,6,25,716,,,,,,,,62,48,47,33,23,5,10,0,2,2,
25,"Sat, Mar 28",,978,404,315,266,196,69,50,34,17,9,2338,6%,11.3,19%,4.0,13%,5.8,139,190,0.96,25,4,6,6,3,1,1,0,0,0,8,46,9,5,24%,21%,18%,1.97%,,,,,50,46,41,17,17,26,10,8,6,27,746,,,"1,397",260,,3.58%,3.46%,41,42,14,20,16,4,1,0,0,1,
26,"Sun, Mar 29",,1001,434,362,277,216,74,58,37,17,10,2486,6%,11.3,18%,4.1,12%,6.3,148,192,0.95,25,5,6,7,3,1,1,0,0,0,9,48,2,5,4%,19%,17%,1.93%,,,,,51,50,47,18,19,28,11,8,7,28,695,,,1551,,,3.74%,,23,30,47,11,20,5,8,3,0,1,
27,"Mon, Mar 30",,1079,460,397,323,237,93,66,43,17,14,2729,10%,7.4,18%,4.2,11%,6.7,243,200,1.04,28,6,6,7,3,1,1,0,0,0,10,52,4,5,8%,15%,16%,1.91%,,14,,12,55,53,52,21,21,36,13,10,10,31,528,,716,1597,233,12.99%,4.13%,6.01%,78,26,35,46,21,19,8,6,0,4,
28,"Tue, Mar 31",Bay Area shelter-in-place extended to May 3rd,1135,482,434,366,267,99,73,49,18,15,2938,8%,9.4,18%,4.3,10%,7.4,209,203,0.97,30,6,6,7,3,4,1,0,0,0,11,57,5,5,10%,14%,15%,1.94%,172,,17,13,58,55,57,23,24,38,14,11,10,33,636,,,1733,298,,4.21%,5.03%,56,22,37,43,30,6,7,6,1,1,
29,"Wed, Apr 1",,1190,530,481,418,291,101,85,54,23,18,3191,9%,8.4,17%,4.3,9%,7.9,253,209,1.02,32,7,10,8,3,4,1,0,0,1,12,66,9,6,16%,15%,15%,2.07%,198,,,,61,61,63,27,26,39,17,12,13,36,718,,,,316,,,5.70%,55,48,47,52,24,2,12,5,5,3,
30,"Thu, Apr 2",Worldiwde cases reach 1 million,1247,578,508,467,323,108,91,61,23,18,3424,7%,9.8,17%,4.4,8%,8.8,233,208,1.09,36,7,10,9,5,6,1,0,0,1,13,75,9,6,14%,12%,15%,2.19%,245,,,,64,66,67,30,28,41,18,14,13,39,504,,,,,,,,57,48,27,49,32,7,6,7,0,0,
31,"Fri, Apr 3",,1289,610,582,533,373,131,105,73,27,20,3743,9%,7.8,17%,4.5,8%,9.1,319,221,1.16,38,7,13,12,6,6,1,1,0,2,14,86,11,7,15%,13%,15%,2.30%,287,,,,66,70,76,34,33,50,21,17,14,43,236,,,,,,,,42,32,74,66,50,23,14,12,4,2,4493
32,"Sat, Apr 4","US passes 10,000 deaths",1320,638,588,563,407,137,107,76,28,20,3884,4%,18.7,16%,4.6,8%,9.6,141,221,0.92,39,8,13,12,6,7,1,1,0,2,15,89,3,6,3%,10%,14%,2.29%,286,,,,67,73,77,36,36,52,21,17,14,44,,,,,,,,,31,28,6,30,34,6,2,3,1,0,
33,"Sun, Apr 5",,1363,648,618,593,434,141,111,85,28,20,4041,4%,17.5,16%,4.7,7%,10.0,157,222,0.95,40,8,13,12,7,7,1,1,0,2,16,91,2,6,2%,10%,13%,2.25%,,,,,70,74,81,38,38,54,22,19,14,46,,5240,,,,,,,43,10,30,30,27,4,4,9,0,0,
34,"Mon, Apr 6",,1416,698,629,636,460,143,115,88,29,22,4236,5%,14.7,16%,4.8,6%,11.0,195,215,0.95,42,9,13,13,7,9,1,1,0,2,17,97,6,6,7%,9%,13%,2.29%,,,,,72,80,82,40,41,55,23,20,15,48,,,,,,,,,53,50,11,43,26,2,4,3,1,2,
35,"Tue, Apr 7",,1458,727,662,663,480,148,115,99,31,23,4406,4%,17.6,15%,4.9,6%,12.0,170,210,0.94,43,9,21,15,7,10,1,1,0,2,18,109,12,7,12%,10%,13%,2.47%,,,,,74,83,87,42,42,57,23,23,16,50,,,,,,,,,42,29,33,27,20,5,0,11,2,1,
36,"Wed, Apr 8",,1533,786,687,701,502,149,123,112,32,25,4650,6%,12.9,15%,5.0,6%,12.9,244,208,0.92,46,10,21,16,8,10,1,2,0,2,19,116,7,7,6%,8%,13%,2.49%,,,,,78,90,90,44,44,57,24,25,17,53,,,,,,,,,75,59,25,38,22,1,8,13,1,2,
37,"Thu, Apr 9",,1600,860,701,756,530,153,142,115,36,28,4921,6%,12.2,15%,5.1,5%,13.4,271,214,1.14,47,10,21,16,9,10,1,2,1,2,20,119,3,6,3%,7%,12%,2.42%,,,,,82,99,92,48,47,58,28,26,20,56,,,,,,,,,67,74,14,55,28,4,19,3,4,3,
38,"Fri, Apr 10","Worldwide deaths reach 100,000",1681,940,714,788,553,153,145,121,36,32,5163,5%,14.4,14%,5.1,5%,15.1,242,203,1.08,50,13,21,19,11,10,2,2,1,2,21,131,12,6,10%,6%,12%,2.54%,,,,,86,108,94,50,49,58,28,28,22,59,,,,,,,,,81,80,13,32,23,0,3,6,0,4,
39,"Sat, Apr 11",,1722,980,730,836,561,154,145,126,36,34,5324,3%,22.6,14%,5.3,5%,15.4,161,206,0.97,53,13,21,22,11,10,2,2,1,2,22,137,6,7,5%,6%,12%,2.57%,,,,,88,113,96,53,49,59,28,29,24,61,,,,,,,,,41,40,16,48,8,1,0,5,0,2,
40,"Sun, Apr 12",,1749,999,738,889,580,164,147,130,36,34,5466,3%,26.3,14%,5.4,4%,16.1,142,204,0.97,54,14,21,22,11,10,2,2,1,2,23,139,2,7,6%,7%,11%,2.54%,,,,,89,115,97,56,51,63,29,30,24,62,,,,,,,,,27,19,8,53,19,10,2,4,0,0,
41,"Mon, Apr 13",,1787,1024,755,920,622,170,152,135,36,34,5635,3%,22.8,14%,5.5,4%,17.0,169,200,0.93,60,15,21,22,12,10,2,2,1,2,24,147,8,7,6%,6%,11%,2.61%,,,,,91,118,99,58,55,65,30,31,24,64,,,,,,,,,38,25,17,31,42,6,5,5,0,0,
42,"Tue, Apr 14",,1828,1060,766,947,644,171,160,140,38,38,5792,3%,25.2,13%,5.6,4%,17.7,157,198,0.88,64,15,21,22,14,10,2,2,1,2,25,153,6,6,10%,7%,11%,2.64%,,,,,93,122,100,60,57,65,31,32,27,66,,,,,,,,,41,36,11,27,22,1,8,5,2,4,
43,"Wed, Apr 15",Worldwide cases pass 2 million,1857,1125,787,1026,662,184,172,141,39,39,6032,4%,17.1,13%,5.7,4%,18.6,240,197,1.00,65,17,25,38,16,10,2,2,1,2,26,178,25,9,16%,6%,11%,2.95%,,,,,95,129,103,65,58,70,34,32,27,69,,,,,,,,,29,65,21,79,18,13,12,1,1,1,
44,"Thu, Apr 16",,1888,1154,819,1064,690,187,174,156,40,44,6216,3%,23.1,13%,5.8,3%,20.8,184,185,1.03,69,17,28,39,19,10,2,2,1,2,27,189,11,10,6%,7%,11%,3.04%,,,,,96,132,107,67,61,71,34,35,31,71,,,,,,,,,31,29,32,38,28,3,2,15,1,5,
45,"Fri, Apr 17",,1921,1177,846,1115,728,187,180,174,43,47,6418,3%,21.7,13%,5.8,3%,22.3,202,179,1.07,73,20,28,40,19,10,2,2,1,2,28,197,8,9,4%,6%,11%,3.07%,,,,,98,135,111,70,64,71,35,40,33,73,,,,,,,,,33,23,27,51,38,0,6,18,3,3,
46,"Sat, Apr 18",,1935,1212,878,1169,736,189,180,174,44,48,6565,2%,30.6,12%,6.0,3%,23.2,147,177,0.98,76,20,28,41,20,10,2,2,1,2,29,202,5,9,3%,6%,10%,3.08%,,,,,99,139,115,74,65,72,35,40,34,75,,,,,,,,,14,35,32,54,8,2,0,0,1,1,
47,"Sun, Apr 19",,1948,1260,925,1199,753,199,181,174,44,48,6731,3%,27.8,12%,6.1,3%,23.3,166,181,1.01,83,20,28,41,22,10,2,2,1,2,30,211,9,10,4%,6%,10%,3.13%,,,,,99,145,121,75,66,76,36,40,34,76,,,,,,,,,13,48,47,30,17,10,1,0,0,0,
48,"Mon, Apr 20",,1974,1282,950,1239,765,200,182,185,45,54,6876,2%,32.5,12%,6.2,3%,24.4,145,177,0.90,86,20,28,42,22,10,2,2,1,2,31,215,4,10,2%,6%,10%,3.13%,,,,,101,147,124,78,67,76,36,42,38,78,,,,,,,,,26,22,25,40,12,1,1,11,1,6,
49,"Tue, Apr 21",,1998,1305,975,1277,781,201,192,186,46,57,7018,2%,33.9,12%,6.3,3%,25.3,142,175,0.95,88,20,39,44,22,10,2,3,1,2,32,231,16,11,7%,6%,10%,3.29%,,,,,102,150,128,80,69,77,38,42,40,80,,,,,,,,,24,23,25,38,16,1,10,1,1,3,
50,"Wed, Apr 22",,2044,1337,1003,1319,785,203,194,186,46,57,7174,2%,31.5,12%,6.4,3%,28.0,156,163,0.94,94,21,39,45,23,11,2,3,1,2,33,241,10,9,4%,4%,10%,3.36%,,,,,104,153,131,83,69,78,38,42,40,82,,,,,,,,,46,32,28,42,4,2,2,0,0,0,
51,"Thu, Apr 23","US passes 50,000 deaths",2063,1373,1034,1372,804,209,216,195,47,58,7371,3%,25.6,11%,6.5,2%,28.5,197,165,1.07,95,21,41,47,23,11,2,4,1,2,34,247,6,8,2%,4%,9%,3.35%,,,,,105,158,135,86,71,80,42,44,41,84,,,,,,,,,19,36,31,53,19,6,22,9,1,1,
52,"Fri, Apr 24",,2097,1411,1062,1403,820,212,217,199,47,60,7528,2%,32.9,11%,6.6,2%,30.4,157,159,0.99,98,22,41,48,25,12,2,4,1,2,35,255,8,8,3%,4%,9%,3.39%,,,,,107,162,139,88,72,81,43,45,42,86,,,,,,,,,34,38,28,31,16,3,1,4,0,2,
53,"Sat, Apr 25","Worldwide deaths pass 200,000",2110,1436,1093,1433,829,223,218,204,47,61,7654,2%,41.8,11%,6.7,2%,31.6,126,156,0.98,99,22,41,52,25,12,2,4,1,2,36,260,5,8,2%,4%,9%,3.40%,,,,,108,165,143,90,73,85,43,46,43,87,,,,,,,,,13,25,31,30,9,11,1,5,0,1,
54,"Sun, Apr 26",,2121,1483,1109,1470,817,224,220,204,48,61,7757,1%,51.9,11%,6.8,2%,34.2,103,147,0.95,100,22,41,52,25,12,2,4,1,2,37,261,1,7,0%,3%,9%,3.36%,,,,,108,170,145,92,72,86,43,46,43,88,,,,,,,,,11,47,16,37,-12,1,2,0,1,0,
55,"Mon, Apr 27",US passes 1 million cases,2144,1517,1142,1493,830,225,222,231,51,65,7920,2%,33.3,11%,6.9,2%,34.3,163,149,1.01,106,23,46,56,25,12,2,4,1,2,38,277,16,9,6%,4%,9%,3.50%,,,,,109,174,150,94,73,86,44,53,45,90,,,,,,,,,23,34,33,23,13,1,2,27,3,4,
56,"Tue, Apr 28",,2167,1551,1177,1523,843,227,228,254,51,67,8088,2%,33.0,10%,7.0,2%,34.2,168,153,0.96,112,23,48,59,25,12,2,4,1,2,39,288,11,8,4%,3%,8%,3.56%,,,,,111,178,154,96,74,87,45,58,47,92,,,,,,,,,23,34,35,30,13,2,6,23,0,2,
57,"Wed, Apr 29",,2196,1605,1209,1557,866,235,232,254,52,67,8273,2%,30.6,10%,7.1,2%,34.0,185,157,1.04,114,23,48,59,25,13,2,5,1,2,40,292,4,7,1%,3%,8%,3.53%,,,,,112,184,158,98,76,90,46,58,47,94,,,,,,,,,29,54,32,34,23,8,4,0,1,0,
58,"Thu, Apr 30",,2206,1643,1237,1599,891,237,244,268,52,68,8445,2%,33.7,10%,7.2,2%,35.7,172,153,1.06,115,25,50,63,27,13,2,5,1,2,41,303,11,8,4%,3%,8%,3.59%,,,,,113,189,162,100,78,91,48,61,48,96,,,,,,,,,10,38,28,42,25,2,12,14,0,1,
59,"Fri, May 1",,2229,1711,1277,1664,907,240,248,271,53,69,8669,3%,26.5,10%,7.3,2%,34.4,224,163,1.15,115,28,52,63,28,13,3,5,1,2,42,310,7,8,2%,3%,8%,3.58%,,,,,114,196,167,104,80,92,49,62,48,99,,,,,,,,,23,68,40,65,16,3,4,3,1,1,
60,"Sat, May 2",,2238,1756,1297,1708,934,242,252,271,54,71,8823,2%,39.4,10%,7.4,2%,34.1,154,167,0.99,115,29,52,63,28,13,3,5,1,2,43,311,1,7,0%,3%,8%,3.52%,,,,,114,202,170,107,82,92,49,62,50,100,,,,,,,,,9,45,20,44,27,2,4,0,1,2,
61,"Sun, May 3",,2247,1795,1318,1733,945,243,257,271,55,71,8935,1%,54.9,10%,7.5,2%,34.3,112,168,0.94,116,29,52,63,28,13,3,5,1,2,44,312,1,7,0%,3%,8%,3.49%,,,,,115,206,173,109,83,93,50,62,50,102,,,,,,,,,9,39,21,25,11,1,5,0,1,0,
62,"Mon, May 4",,2269,1820,1348,1767,947,243,261,325,56,75,9111,2%,35.5,10%,7.6,2%,34.6,176,170,0.99,118,30,53,65,28,13,4,6,1,2,45,320,8,6,3%,2%,8%,3.51%,,,,,116,209,177,111,83,93,51,74,52,104,,,,,,,,,22,25,30,34,2,0,4,54,1,4,
63,"Tue, May 5",,2283,1851,1371,1808,969,244,261,330,60,76,9253,2%,44.8,9%,7.7,2%,36.1,142,166,0.96,122,31,53,66,29,13,4,6,1,2,46,327,7,6,2%,2%,7%,3.53%,,,,,117,213,180,113,85,93,51,75,53,105,,,,,,,,,14,31,23,41,22,1,0,5,4,1,
64,"Wed, May 6",,2311,1893,1405,1862,998,247,286,342,63,79,9486,3%,27.9,9%,7.8,2%,35.5,233,173,1.01,122,31,56,69,29,14,4,7,1,2,47,335,8,6,2%,2%,7%,3.53%,,,,,118,217,184,117,88,94,56,78,55,108,,,,,,,,,28,42,34,54,29,3,25,12,3,3,
65,"Thu, May 7",,2323,1925,1428,1904,1014,255,292,347,65,79,9632,2%,45.4,9%,7.9,2%,36.9,146,170,0.99,122,32,56,69,29,14,4,7,1,2,48,336,1,5,0%,1%,7%,3.49%,,,,,119,221,187,120,89,97,57,79,55,109,,,,,,,,,12,32,23,42,16,8,6,5,2,0,
66,"Fri, May 8",,2338,1948,1454,1967,1038,257,300,356,66,79,9803,2%,39.4,9%,7.9,2%,39.5,171,162,1.07,129,33,57,70,29,14,4,7,1,2,49,346,10,5,3%,2%,7%,3.53%,,,,,119,224,190,123,91,98,59,81,55,111,,,,,,,,,15,23,26,63,24,2,8,9,1,0,
67,"Sat, May 9",,2344,1971,1474,2001,1050,259,309,356,66,79,9909,1%,64.4,9%,8.1,2%,41.8,106,155,0.92,131,33,62,72,32,14,4,7,1,2,50,358,12,7,3%,2%,7%,3.61%,,,,,120,226,193,125,92,99,61,81,55,113,,,,,,,,,6,23,20,34,12,2,9,0,0,0,
68,"Sun, May 10",,2347,1985,1489,2034,1053,261,309,356,66,79,9979,1%,98.5,9%,8.2,2%,43.9,70,149,0.91,131,34,65,75,32,14,4,7,1,2,51,365,7,8,2%,2%,7%,3.66%,,,,,120,228,195,127,93,100,61,81,55,113,,,,,,,,,3,14,15,33,3,2,0,0,0,0,
69,"Mon, May 11",,2352,1988,1514,2069,1067,265,312,384,67,80,10098,1%,58.5,9%,8.3,1%,47.2,119,141,0.84,131,35,65,75,32,14,4,10,1,3,52,370,5,7,1%,2%,7%,3.66%,,,,,120,228,198,130,94,101,61,87,56,115,,,,,,,,,5,3,25,35,14,4,3,28,1,1,
70,"Tue, May 12",,2354,1998,1522,2109,1082,271,312,393,67,82,10190,1%,76.4,9%,8.4,1%,50.3,92,134,0.91,134,35,65,75,32,14,5,11,1,3,53,375,5,7,1%,2%,7%,3.68%,,,,,120,229,199,132,95,104,61,89,57,116,,,,,,,,,2,10,8,40,15,6,0,9,0,2,
71,"Wed, May 13",,2354,1999,1536,2166,1089,275,337,402,68,82,10308,1%,60.2,9%,8.5,1%,58.4,118,117,0.91,134,35,66,80,33,14,4,12,1,3,54,382,7,7,2%,2%,7%,3.71%,,,,,120,229,201,136,96,105,66,91,57,117,,,,,,,,,0,1,14,57,7,4,25,9,1,0,
,,,,,,,,,,,,,,,,,,,,,,,,,,,,,,,,,,,,,,,,,,,,,,,,,,,,,,,,,,,,,,,,,,,,,,,,,
,,,,,,,,,,,,,,,,,,,,,,,,,,,,,,,,,,,,,,,,,,,,,,,,,,,,,,,,,,,,,,,,,,,,,,,,,
,,,,,,,,,,,,,,,,,,,,,,,,,,,,,,,,,,,,,,,,,,,,,,,,,,,,,,,,,,,,,,,,,,,,,,,,,
,,,,,,,,,,,,,,,,,,,,,,,,,,,,,,,,,,,,,,,,,,,,,,,,,,,,,,,,,,,,,,,,,,,,,,,,,
,,,,,,,,,,,,,,,,,,,,,,,,,,,,,,,,,,,,,,,,,,,,,,,,,,,,,,,,,,,,,,,,,,,,,,,,,
,,,,,,,,,,,,,,,,,,,,,,,,,,,,,,,,,,,,,,,,,,,,,,,,,,,,,,,,,,,,,,,,,,,,,,,,,
,,,,,,,,,,,,,,,,,,,,,,,,,,,,,,,,,,,,,,,,,,,,,,,,,,,,,,,,,,,,,,,,,,,,,,,,,
,,,,,,,,,,,,,,,,,,,,,,,,,,,,,,,,,,,,,,,,,,,,,,,,,,,,,,,,,,,,,,,,,,,,,,,,,
,,,,,,,,,,,,,,,,,,,,,,,,,,,,,,,,,,,,,,,,,,,,,,,,,,,,,,,,,,,,,,,,,,,,,,,,,
,,,,,,,,,,,,,,,,,,,,,,,,,,,,,,,,,,,,,,,,,,,,,,,,,,,,,,,,,,,,,,,,,,,,,,,,,
,,,,,,,,,,,,,,,,,,,,,,,,,,,,,,,,,,,,,,,,,,,,,,,,,,,,,,,,,,,,,,,,,,,,,,,,,
,,,,,,,,,,,,,,,,,,,,,,,,,,,,,,,,,,,,,,,,,,,,,,,,,,,,,,,,,,,,,,,,,,,,,,,,,
,,,,,,,,,,,,,,,,,,,,,,,,,,,,,,,,,,,,,,,,,,,,,,,,,,,,,,,,,,,,,,,,,,,,,,,,,
,,,,,,,,,,,,,,,,,,,,,,,,,,,,,,,,,,,,,,,,,,,,,,,,,,,,,,,,,,,,,,,,,,,,,,,,,
,,,,,,,,,,,,,,,,,,,,,,,,,,,,,,,,,,,,,,,,,,,,,,,,,,,,,,,,,,,,,,,,,,,,,,,,,
,,,,,,,,,,,,,,,,,,,,,,,,,,,,,,,,,,,,,,,,,,,,,,,,,,,,,,,,,,,,,,,,,,,,,,,,,
,,,,,,,,,,,,,,,,,,,,,,,,,,,,,,,,,,,,,,,,,,,,,,,,,,,,,,,,,,,,,,,,,,,,,,,,,
,,,,,,,,,,,,,,,,,,,,,,,,,,,,,,,,,,,,,,,,,,,,,,,,,,,,,,,,,,,,,,,,,,,,,,,,,
,,,,,,,,,,,,,,,,,,,,,,,,,,,,,,,,,,,,,,,,,,,,,,,,,,,,,,,,,,,,,,,,,,,,,,,,,
,,,,,,,,,,,,,,,,,,,,,,,,,,,,,,,,,,,,,,,,,,,,,,,,,,,,,,,,,,,,,,,,,,,,,,,,,
,,,,,,,,,,,,,,,,,,,,,,,,,,,,,,,,,,,,,,,,,,,,,,,,,,,,,,,,,,,,,,,,,,,,,,,,,
,,,,,,,,,,,,,,,,,,,,,,,,,,,,,,,,,,,,,,,,,,,,,,,,,,,,,,,,,,,,,,,,,,,,,,,,,
,,,,,,,,,,,,,,,,,,,,,,,,,,,,,,,,,,,,,,,,,,,,,,,,,,,,,,,,,,,,,,,,,,,,,,,,,
,,,,,,,,,,,,,,,,,,,,,,,,,,,,,,,,,,,,,,,,,,,,,,,,,,,,,,,,,,,,,,,,,,,,,,,,,
,,,,,,,,,,,,,,,,,,,,,,,,,,,,,,,,,,,,,,,,,,,,,,,,,,,,,,,,,,,,,,,,,,,,,,,,,
,,,,,,,,,,,,,,,,,,,,,,,,,,,,,,,,,,,,,,,,,,,,,,,,,,,,,,,,,,,,,,,,,,,,,,,,,
,,,,,,,,,,,,,,,,,,,,,,,,,,,,,,,,,,,,,,,,,,,,,,,,,,,,,,,,,,,,,,,,,,,,,,,,,
,,,,,,,,,,,,,,,,,,,,,,,,,,,,,,,,,,,,,,,,,,,,,,,,,,,,,,,,,,,,,,,,,,,,,,,,,
,,,,,,,,,,,,,,,,,,,,,,,,,,,,,,,,,,,,,,,,,,,,,,,,,,,,,,,,,,,,,,,,,,,,,,,,,
,,,,,,,,,,,,,,,,,,,,,,,,,,,,,,,,,,,,,,,,,,,,,,,,,,,,,,,,,,,,,,,,,,,,,,,,,
,,,,,,,,,,,,,,,,,,,,,,,,,,,,,,,,,,,,,,,,,,,,,,,,,,,,,,,,,,,,,,,,,,,,,,,,,
,,,,,,,,,,,,,,,,,,,,,,,,,,,,,,,,,,,,,,,,,,,,,,,,,,,,,,,,,,,,,,,,,,,,,,,,,
,,,,,,,,,,,,,,,,,,,,,,,,,,,,,,,,,,,,,,,,,,,,,,,,,,,,,,,,,,,,,,,,,,,,,,,,,
,,,,,,,,,,,,,,,,,,,,,,,,,,,,,,,,,,,,,,,,,,,,,,,,,,,,,,,,,,,,,,,,,,,,,,,,,
,,,,,,,,,,,,,,,,,,,,,,,,,,,,,,,,,,,,,,,,,,,,,,,,,,,,,,,,,,,,,,,,,,,,,,,,,
,,,,,,,,,,,,,,,,,,,,,,,,,,,,,,,,,,,,,,,,,,,,,,,,,,,,,,,,,,,,,,,,,,,,,,,,,
,,,,,,,,,,,,,,,,,,,,,,,,,,,,,,,,,,,,,,,,,,,,,,,,,,,,,,,,,,,,,,,,,,,,,,,,,
,,,,,,,,,,,,,,,,,,,,,,,,,,,,,,,,,,,,,,,,,,,,,,,,,,,,,,,,,,,,,,,,,,,,,,,,,
,,,,,,,,,,1,,,,,,,,,,,,,,,,,,,,,,,,,,,,,,,,,,,,,,,,,,,,,,,,,,,,,,,,,,,,,,,