AUS,Australia,LRHUTTTT,"Unemployment rate (monthly), Total, All persons",STSA,"Level, rate or quantity series, s.a.",M,Monthly,2019-10,Oct-19,PC,Percentage,0,Units,,,5.298264,,
AUS,Australia,LRHUTTTT,"Unemployment rate (monthly), Total, All persons",STSA,"Level, rate or quantity series, s.a.",M,Monthly,2019-11,Nov-19,PC,Percentage,0,Units,,,5.140154,,
AUS,Australia,LRHUTTTT,"Unemployment rate (monthly), Total, All persons",STSA,"Level, rate or quantity series, s.a.",M,Monthly,2019-12,Dec-19,PC,Percentage,0,Units,,,5.051248,,
AUS,Australia,LRHUTTTT,"Unemployment rate (monthly), Total, All persons",STSA,"Level, rate or quantity series, s.a.",M,Monthly,2020-01,Jan-20,PC,Percentage,0,Units,,,5.264596,,
AUS,Australia,LRHUTTTT,"Unemployment rate (monthly), Total, All persons",STSA,"Level, rate or quantity series, s.a.",M,Monthly,2020-02,Feb-20,PC,Percentage,0,Units,,,5.077748,,
AUS,Australia,LRHUTTTT,"Unemployment rate (monthly), Total, All persons",STSA,"Level, rate or quantity series, s.a.",M,Monthly,2020-03,Mar-20,PC,Percentage,0,Units,,,5.21979,,
AUS,Australia,LRHUTTTT,"Unemployment rate (monthly), Total, All persons",STSA,"Level, rate or quantity series, s.a.",M,Monthly,2020-04,Apr-20,PC,Percentage,0,Units,,,6.353878,,
AUS,Australia,LRHUTTTT,"Unemployment rate (monthly), Total, All persons",STSA,"Level, rate or quantity series, s.a.",M,Monthly,2020-05,May-20,PC,Percentage,0,Units,,,7.062555,,
AUS,Australia,LRHUTTTT,"Unemployment rate (monthly), Total, All persons",STSA,"Level, rate or quantity series, s.a.",M,Monthly,2020-06,Jun-20,PC,Percentage,0,Units,,,7.435485,,
AUS,Australia,LRHUTTTT,"Unemployment rate (monthly), Total, All persons",STSA,"Level, rate or quantity series, s.a.",M,Monthly,2020-07,Jul-20,PC,Percentage,0,Units,,,7.480891,,
AUS,Australia,LRHUTTTT,"Unemployment rate (monthly), Total, All persons",STSA,"Level, rate or quantity series, s.a.",M,Monthly,2020-08,Aug-20,PC,Percentage,0,Units,,,6.809101,,
AUS,Australia,LRHUTTTT,"Unemployment rate (monthly), Total, All persons",STSA,"Level, rate or quantity series, s.a.",M,Monthly,2020-09,Sep-20,PC,Percentage,0,Units,,,6.914853,,
AUS,Australia,LRHUTTTT,"Unemployment rate (monthly), Total, All persons",STSA,"Level, rate or quantity series, s.a.",M,Monthly,2020-10,Oct-20,PC,Percentage,0,Units,,,6.987514,,
AUS,Australia,LRHUTTTT,"Unemployment rate (monthly), Total, All persons",STSA,"Level, rate or quantity series, s.a.",M,Monthly,2020-11,Nov-20,PC,Percentage,0,Units,,,6.825236,,
AUT,Austria,LRHUTTTT,"Unemployment rate (monthly), Total, All persons",STSA,"Level, rate or quantity series, s.a.",M,Monthly,2019-10,Oct-19,PC,Percentage,0,Units,,,4.4,,
AUT,Austria,LRHUTTTT,"Unemployment rate (monthly), Total, All persons",STSA,"Level, rate or quantity series, s.a.",M,Monthly,2019-11,Nov-19,PC,Percentage,0,Units,,,4.3,,
AUT,Austria,LRHUTTTT,"Unemployment rate (monthly), Total, All persons",STSA,"Level, rate or quantity series, s.a.",M,Monthly,2019-12,Dec-19,PC,Percentage,0,Units,,,4.3,,
AUT,Austria,LRHUTTTT,"Unemployment rate (monthly), Total, All persons",STSA,"Level, rate or quantity series, s.a.",M,Monthly,2020-01,Jan-20,PC,Percentage,0,Units,,,4.4,,
AUT,Austria,LRHUTTTT,"Unemployment rate (monthly), Total, All persons",STSA,"Level, rate or quantity series, s.a.",M,Monthly,2020-02,Feb-20,PC,Percentage,0,Units,,,4.5,,
AUT,Austria,LRHUTTTT,"Unemployment rate (monthly), Total, All persons",STSA,"Level, rate or quantity series, s.a.",M,Monthly,2020-03,Mar-20,PC,Percentage,0,Units,,,4.6,,
AUT,Austria,LRHUTTTT,"Unemployment rate (monthly), Total, All persons",STSA,"Level, rate or quantity series, s.a.",M,Monthly,2020-04,Apr-20,PC,Percentage,0,Units,,,4.7,,
AUT,Austria,LRHUTTTT,"Unemployment rate (monthly), Total, All persons",STSA,"Level, rate or quantity series, s.a.",M,Monthly,2020-05,May-20,PC,Percentage,0,Units,,,5.7,,
AUT,Austria,LRHUTTTT,"Unemployment rate (monthly), Total, All persons",STSA,"Level, rate or quantity series, s.a.",M,Monthly,2020-06,Jun-20,PC,Percentage,0,Units,,,5.9,,
AUT,Austria,LRHUTTTT,"Unemployment rate (monthly), Total, All persons",STSA,"Level, rate or quantity series, s.a.",M,Monthly,2020-07,Jul-20,PC,Percentage,0,Units,,,5.7,,
AUT,Austria,LRHUTTTT,"Unemployment rate (monthly), Total, All persons",STSA,"Level, rate or quantity series, s.a.",M,Monthly,2020-08,Aug-20,PC,Percentage,0,Units,,,5.5,,
AUT,Austria,LRHUTTTT,"Unemployment rate (monthly), Total, All persons",STSA,"Level, rate or quantity series, s.a.",M,Monthly,2020-09,Sep-20,PC,Percentage,0,Units,,,5.4,,
AUT,Austria,LRHUTTTT,"Unemployment rate (monthly), Total, All persons",STSA,"Level, rate or quantity series, s.a.",M,Monthly,2020-10,Oct-20,PC,Percentage,0,Units,,,5.4,,
BEL,Belgium,LRHUTTTT,"Unemployment rate (monthly), Total, All persons",STSA,"Level, rate or quantity series, s.a.",M,Monthly,2019-10,Oct-19,PC,Percentage,0,Units,,,5.2,,
BEL,Belgium,LRHUTTTT,"Unemployment rate (monthly), Total, All persons",STSA,"Level, rate or quantity series, s.a.",M,Monthly,2019-11,Nov-19,PC,Percentage,0,Units,,,5.2,,
BEL,Belgium,LRHUTTTT,"Unemployment rate (monthly), Total, All persons",STSA,"Level, rate or quantity series, s.a.",M,Monthly,2019-12,Dec-19,PC,Percentage,0,Units,,,5.2,,
BEL,Belgium,LRHUTTTT,"Unemployment rate (monthly), Total, All persons",STSA,"Level, rate or quantity series, s.a.",M,Monthly,2020-01,Jan-20,PC,Percentage,0,Units,,,5.1,,
BEL,Belgium,LRHUTTTT,"Unemployment rate (monthly), Total, All persons",STSA,"Level, rate or quantity series, s.a.",M,Monthly,2020-02,Feb-20,PC,Percentage,0,Units,,,5,,
BEL,Belgium,LRHUTTTT,"Unemployment rate (monthly), Total, All persons",STSA,"Level, rate or quantity series, s.a.",M,Monthly,2020-03,Mar-20,PC,Percentage,0,Units,,,5,,
BEL,Belgium,LRHUTTTT,"Unemployment rate (monthly), Total, All persons",STSA,"Level, rate or quantity series, s.a.",M,Monthly,2020-04,Apr-20,PC,Percentage,0,Units,,,5.1,,
BEL,Belgium,LRHUTTTT,"Unemployment rate (monthly), Total, All persons",STSA,"Level, rate or quantity series, s.a.",M,Monthly,2020-05,May-20,PC,Percentage,0,Units,,,5,,
BEL,Belgium,LRHUTTTT,"Unemployment rate (monthly), Total, All persons",STSA,"Level, rate or quantity series, s.a.",M,Monthly,2020-06,Jun-20,PC,Percentage,0,Units,,,5,,
BEL,Belgium,LRHUTTTT,"Unemployment rate (monthly), Total, All persons",STSA,"Level, rate or quantity series, s.a.",M,Monthly,2020-07,Jul-20,PC,Percentage,0,Units,,,5,,
BEL,Belgium,LRHUTTTT,"Unemployment rate (monthly), Total, All persons",STSA,"Level, rate or quantity series, s.a.",M,Monthly,2020-08,Aug-20,PC,Percentage,0,Units,,,5.1,,
BEL,Belgium,LRHUTTTT,"Unemployment rate (monthly), Total, All persons",STSA,"Level, rate or quantity series, s.a.",M,Monthly,2020-09,Sep-20,PC,Percentage,0,Units,,,5.2,,
BEL,Belgium,LRHUTTTT,"Unemployment rate (monthly), Total, All persons",STSA,"Level, rate or quantity series, s.a.",M,Monthly,2020-10,Oct-20,PC,Percentage,0,Units,,,5.1,,
CAN,Canada,LRHUTTTT,"Unemployment rate (monthly), Total, All persons",STSA,"Level, rate or quantity series, s.a.",M,Monthly,2019-10,Oct-19,PC,Percentage,0,Units,,,5.6,,
CAN,Canada,LRHUTTTT,"Unemployment rate (monthly), Total, All persons",STSA,"Level, rate or quantity series, s.a.",M,Monthly,2019-11,Nov-19,PC,Percentage,0,Units,,,5.9,,
CAN,Canada,LRHUTTTT,"Unemployment rate (monthly), Total, All persons",STSA,"Level, rate or quantity series, s.a.",M,Monthly,2019-12,Dec-19,PC,Percentage,0,Units,,,5.6,,
CAN,Canada,LRHUTTTT,"Unemployment rate (monthly), Total, All persons",STSA,"Level, rate or quantity series, s.a.",M,Monthly,2020-01,Jan-20,PC,Percentage,0,Units,,,5.5,,
CAN,Canada,LRHUTTTT,"Unemployment rate (monthly), Total, All persons",STSA,"Level, rate or quantity series, s.a.",M,Monthly,2020-02,Feb-20,PC,Percentage,0,Units,,,5.6,,
CAN,Canada,LRHUTTTT,"Unemployment rate (monthly), Total, All persons",STSA,"Level, rate or quantity series, s.a.",M,Monthly,2020-03,Mar-20,PC,Percentage,0,Units,,,7.8,,
CAN,Canada,LRHUTTTT,"Unemployment rate (monthly), Total, All persons",STSA,"Level, rate or quantity series, s.a.",M,Monthly,2020-04,Apr-20,PC,Percentage,0,Units,,,13,,
CAN,Canada,LRHUTTTT,"Unemployment rate (monthly), Total, All persons",STSA,"Level, rate or quantity series, s.a.",M,Monthly,2020-05,May-20,PC,Percentage,0,Units,,,13.7,,
CAN,Canada,LRHUTTTT,"Unemployment rate (monthly), Total, All persons",STSA,"Level, rate or quantity series, s.a.",M,Monthly,2020-06,Jun-20,PC,Percentage,0,Units,,,12.3,,
CAN,Canada,LRHUTTTT,"Unemployment rate (monthly), Total, All persons",STSA,"Level, rate or quantity series, s.a.",M,Monthly,2020-07,Jul-20,PC,Percentage,0,Units,,,10.9,,
CAN,Canada,LRHUTTTT,"Unemployment rate (monthly), Total, All persons",STSA,"Level, rate or quantity series, s.a.",M,Monthly,2020-08,Aug-20,PC,Percentage,0,Units,,,10.2,,
CAN,Canada,LRHUTTTT,"Unemployment rate (monthly), Total, All persons",STSA,"Level, rate or quantity series, s.a.",M,Monthly,2020-09,Sep-20,PC,Percentage,0,Units,,,9,,
CAN,Canada,LRHUTTTT,"Unemployment rate (monthly), Total, All persons",STSA,"Level, rate or quantity series, s.a.",M,Monthly,2020-10,Oct-20,PC,Percentage,0,Units,,,8.9,,
CAN,Canada,LRHUTTTT,"Unemployment rate (monthly), Total, All persons",STSA,"Level, rate or quantity series, s.a.",M,Monthly,2020-11,Nov-20,PC,Percentage,0,Units,,,8.5,,
CZE,Czech Republic,LRHUTTTT,"Unemployment rate (monthly), Total, All persons",STSA,"Level, rate or quantity series, s.a.",M,Monthly,2019-10,Oct-19,PC,Percentage,0,Units,,,2,,
CZE,Czech Republic,LRHUTTTT,"Unemployment rate (monthly), Total, All persons",STSA,"Level, rate or quantity series, s.a.",M,Monthly,2019-11,Nov-19,PC,Percentage,0,Units,,,2.1,,
CZE,Czech Republic,LRHUTTTT,"Unemployment rate (monthly), Total, All persons",STSA,"Level, rate or quantity series, s.a.",M,Monthly,2019-12,Dec-19,PC,Percentage,0,Units,,,2,,
CZE,Czech Republic,LRHUTTTT,"Unemployment rate (monthly), Total, All persons",STSA,"Level, rate or quantity series, s.a.",M,Monthly,2020-01,Jan-20,PC,Percentage,0,Units,,,2,,
CZE,Czech Republic,LRHUTTTT,"Unemployment rate (monthly), Total, All persons",STSA,"Level, rate or quantity series, s.a.",M,Monthly,2020-02,Feb-20,PC,Percentage,0,Units,,,2,,
CZE,Czech Republic,LRHUTTTT,"Unemployment rate (monthly), Total, All persons",STSA,"Level, rate or quantity series, s.a.",M,Monthly,2020-03,Mar-20,PC,Percentage,0,Units,,,2.1,,
CZE,Czech Republic,LRHUTTTT,"Unemployment rate (monthly), Total, All persons",STSA,"Level, rate or quantity series, s.a.",M,Monthly,2020-04,Apr-20,PC,Percentage,0,Units,,,2.2,,
CZE,Czech Republic,LRHUTTTT,"Unemployment rate (monthly), Total, All persons",STSA,"Level, rate or quantity series, s.a.",M,Monthly,2020-05,May-20,PC,Percentage,0,Units,,,2.4,,
CZE,Czech Republic,LRHUTTTT,"Unemployment rate (monthly), Total, All persons",STSA,"Level, rate or quantity series, s.a.",M,Monthly,2020-06,Jun-20,PC,Percentage,0,Units,,,2.7,,
CZE,Czech Republic,LRHUTTTT,"Unemployment rate (monthly), Total, All persons",STSA,"Level, rate or quantity series, s.a.",M,Monthly,2020-07,Jul-20,PC,Percentage,0,Units,,,2.7,,
CZE,Czech Republic,LRHUTTTT,"Unemployment rate (monthly), Total, All persons",STSA,"Level, rate or quantity series, s.a.",M,Monthly,2020-08,Aug-20,PC,Percentage,0,Units,,,2.8,,
CZE,Czech Republic,LRHUTTTT,"Unemployment rate (monthly), Total, All persons",STSA,"Level, rate or quantity series, s.a.",M,Monthly,2020-09,Sep-20,PC,Percentage,0,Units,,,2.8,,
CZE,Czech Republic,LRHUTTTT,"Unemployment rate (monthly), Total, All persons",STSA,"Level, rate or quantity series, s.a.",M,Monthly,2020-10,Oct-20,PC,Percentage,0,Units,,,2.9,,
DNK,Denmark,LRHUTTTT,"Unemployment rate (monthly), Total, All persons",STSA,"Level, rate or quantity series, s.a.",M,Monthly,2019-10,Oct-19,PC,Percentage,0,Units,,,5.2,,
DNK,Denmark,LRHUTTTT,"Unemployment rate (monthly), Total, All persons",STSA,"Level, rate or quantity series, s.a.",M,Monthly,2019-11,Nov-19,PC,Percentage,0,Units,,,5.1,,
DNK,Denmark,LRHUTTTT,"Unemployment rate (monthly), Total, All persons",STSA,"Level, rate or quantity series, s.a.",M,Monthly,2019-12,Dec-19,PC,Percentage,0,Units,,,4.9,,
DNK,Denmark,LRHUTTTT,"Unemployment rate (monthly), Total, All persons",STSA,"Level, rate or quantity series, s.a.",M,Monthly,2020-01,Jan-20,PC,Percentage,0,Units,,,4.9,,
DNK,Denmark,LRHUTTTT,"Unemployment rate (monthly), Total, All persons",STSA,"Level, rate or quantity series, s.a.",M,Monthly,2020-02,Feb-20,PC,Percentage,0,Units,,,4.9,,
DNK,Denmark,LRHUTTTT,"Unemployment rate (monthly), Total, All persons",STSA,"Level, rate or quantity series, s.a.",M,Monthly,2020-03,Mar-20,PC,Percentage,0,Units,,,4.8,,
DNK,Denmark,LRHUTTTT,"Unemployment rate (monthly), Total, All persons",STSA,"Level, rate or quantity series, s.a.",M,Monthly,2020-04,Apr-20,PC,Percentage,0,Units,,,4.9,,
DNK,Denmark,LRHUTTTT,"Unemployment rate (monthly), Total, All persons",STSA,"Level, rate or quantity series, s.a.",M,Monthly,2020-05,May-20,PC,Percentage,0,Units,,,5.5,,
DNK,Denmark,LRHUTTTT,"Unemployment rate (monthly), Total, All persons",STSA,"Level, rate or quantity series, s.a.",M,Monthly,2020-06,Jun-20,PC,Percentage,0,Units,,,6,,
DNK,Denmark,LRHUTTTT,"Unemployment rate (monthly), Total, All persons",STSA,"Level, rate or quantity series, s.a.",M,Monthly,2020-07,Jul-20,PC,Percentage,0,Units,,,6.3,,
DNK,Denmark,LRHUTTTT,"Unemployment rate (monthly), Total, All persons",STSA,"Level, rate or quantity series, s.a.",M,Monthly,2020-08,Aug-20,PC,Percentage,0,Units,,,6.3,,
DNK,Denmark,LRHUTTTT,"Unemployment rate (monthly), Total, All persons",STSA,"Level, rate or quantity series, s.a.",M,Monthly,2020-09,Sep-20,PC,Percentage,0,Units,,,6,,
DNK,Denmark,LRHUTTTT,"Unemployment rate (monthly), Total, All persons",STSA,"Level, rate or quantity series, s.a.",M,Monthly,2020-10,Oct-20,PC,Percentage,0,Units,,,5.8,,
FIN,Finland,LRHUTTTT,"Unemployment rate (monthly), Total, All persons",STSA,"Level, rate or quantity series, s.a.",M,Monthly,2019-10,Oct-19,PC,Percentage,0,Units,,,6.8,,
FIN,Finland,LRHUTTTT,"Unemployment rate (monthly), Total, All persons",STSA,"Level, rate or quantity series, s.a.",M,Monthly,2019-11,Nov-19,PC,Percentage,0,Units,,,6.7,,
FIN,Finland,LRHUTTTT,"Unemployment rate (monthly), Total, All persons",STSA,"Level, rate or quantity series, s.a.",M,Monthly,2019-12,Dec-19,PC,Percentage,0,Units,,,6.8,,
FIN,Finland,LRHUTTTT,"Unemployment rate (monthly), Total, All persons",STSA,"Level, rate or quantity series, s.a.",M,Monthly,2020-01,Jan-20,PC,Percentage,0,Units,,,6.9,,
FIN,Finland,LRHUTTTT,"Unemployment rate (monthly), Total, All persons",STSA,"Level, rate or quantity series, s.a.",M,Monthly,2020-02,Feb-20,PC,Percentage,0,Units,,,6.5,,
FIN,Finland,LRHUTTTT,"Unemployment rate (monthly), Total, All persons",STSA,"Level, rate or quantity series, s.a.",M,Monthly,2020-03,Mar-20,PC,Percentage,0,Units,,,6.7,,
FIN,Finland,LRHUTTTT,"Unemployment rate (monthly), Total, All persons",STSA,"Level, rate or quantity series, s.a.",M,Monthly,2020-04,Apr-20,PC,Percentage,0,Units,,,7.3,,
FIN,Finland,LRHUTTTT,"Unemployment rate (monthly), Total, All persons",STSA,"Level, rate or quantity series, s.a.",M,Monthly,2020-05,May-20,PC,Percentage,0,Units,,,8,,
FIN,Finland,LRHUTTTT,"Unemployment rate (monthly), Total, All persons",STSA,"Level, rate or quantity series, s.a.",M,Monthly,2020-06,Jun-20,PC,Percentage,0,Units,,,7.9,,
FIN,Finland,LRHUTTTT,"Unemployment rate (monthly), Total, All persons",STSA,"Level, rate or quantity series, s.a.",M,Monthly,2020-07,Jul-20,PC,Percentage,0,Units,,,8.6,,
FIN,Finland,LRHUTTTT,"Unemployment rate (monthly), Total, All persons",STSA,"Level, rate or quantity series, s.a.",M,Monthly,2020-08,Aug-20,PC,Percentage,0,Units,,,8.5,,
FIN,Finland,LRHUTTTT,"Unemployment rate (monthly), Total, All persons",STSA,"Level, rate or quantity series, s.a.",M,Monthly,2020-09,Sep-20,PC,Percentage,0,Units,,,8.3,,
FIN,Finland,LRHUTTTT,"Unemployment rate (monthly), Total, All persons",STSA,"Level, rate or quantity series, s.a.",M,Monthly,2020-10,Oct-20,PC,Percentage,0,Units,,,8.3,,
FRA,France,LRHUTTTT,"Unemployment rate (monthly), Total, All persons",STSA,"Level, rate or quantity series, s.a.",M,Monthly,2019-10,Oct-19,PC,Percentage,0,Units,,,8.3,,
FRA,France,LRHUTTTT,"Unemployment rate (monthly), Total, All persons",STSA,"Level, rate or quantity series, s.a.",M,Monthly,2019-11,Nov-19,PC,Percentage,0,Units,,,8.2,,
FRA,France,LRHUTTTT,"Unemployment rate (monthly), Total, All persons",STSA,"Level, rate or quantity series, s.a.",M,Monthly,2019-12,Dec-19,PC,Percentage,0,Units,,,8.2,,
FRA,France,LRHUTTTT,"Unemployment rate (monthly), Total, All persons",STSA,"Level, rate or quantity series, s.a.",M,Monthly,2020-01,Jan-20,PC,Percentage,0,Units,,,7.7,,
FRA,France,LRHUTTTT,"Unemployment rate (monthly), Total, All persons",STSA,"Level, rate or quantity series, s.a.",M,Monthly,2020-02,Feb-20,PC,Percentage,0,Units,,,7.5,,
FRA,France,LRHUTTTT,"Unemployment rate (monthly), Total, All persons",STSA,"Level, rate or quantity series, s.a.",M,Monthly,2020-03,Mar-20,PC,Percentage,0,Units,,,8,,
FRA,France,LRHUTTTT,"Unemployment rate (monthly), Total, All persons",STSA,"Level, rate or quantity series, s.a.",M,Monthly,2020-04,Apr-20,PC,Percentage,0,Units,,,7.3,,
FRA,France,LRHUTTTT,"Unemployment rate (monthly), Total, All persons",STSA,"Level, rate or quantity series, s.a.",M,Monthly,2020-05,May-20,PC,Percentage,0,Units,,,7.2,,
FRA,France,LRHUTTTT,"Unemployment rate (monthly), Total, All persons",STSA,"Level, rate or quantity series, s.a.",M,Monthly,2020-06,Jun-20,PC,Percentage,0,Units,,,6.9,,
FRA,France,LRHUTTTT,"Unemployment rate (monthly), Total, All persons",STSA,"Level, rate or quantity series, s.a.",M,Monthly,2020-07,Jul-20,PC,Percentage,0,Units,,,9.4,,
FRA,France,LRHUTTTT,"Unemployment rate (monthly), Total, All persons",STSA,"Level, rate or quantity series, s.a.",M,Monthly,2020-08,Aug-20,PC,Percentage,0,Units,,,9,,
FRA,France,LRHUTTTT,"Unemployment rate (monthly), Total, All persons",STSA,"Level, rate or quantity series, s.a.",M,Monthly,2020-09,Sep-20,PC,Percentage,0,Units,,,8.8,,
FRA,France,LRHUTTTT,"Unemployment rate (monthly), Total, All persons",STSA,"Level, rate or quantity series, s.a.",M,Monthly,2020-10,Oct-20,PC,Percentage,0,Units,,,8.6,,
DEU,Germany,LRHUTTTT,"Unemployment rate (monthly), Total, All persons",STSA,"Level, rate or quantity series, s.a.",M,Monthly,2019-10,Oct-19,PC,Percentage,0,Units,,,3.1,,
DEU,Germany,LRHUTTTT,"Unemployment rate (monthly), Total, All persons",STSA,"Level, rate or quantity series, s.a.",M,Monthly,2019-11,Nov-19,PC,Percentage,0,Units,,,3.2,,
DEU,Germany,LRHUTTTT,"Unemployment rate (monthly), Total, All persons",STSA,"Level, rate or quantity series, s.a.",M,Monthly,2019-12,Dec-19,PC,Percentage,0,Units,,,3.3,,
DEU,Germany,LRHUTTTT,"Unemployment rate (monthly), Total, All persons",STSA,"Level, rate or quantity series, s.a.",M,Monthly,2020-01,Jan-20,PC,Percentage,0,Units,,,3.4,,
DEU,Germany,LRHUTTTT,"Unemployment rate (monthly), Total, All persons",STSA,"Level, rate or quantity series, s.a.",M,Monthly,2020-02,Feb-20,PC,Percentage,0,Units,,,3.6,,
DEU,Germany,LRHUTTTT,"Unemployment rate (monthly), Total, All persons",STSA,"Level, rate or quantity series, s.a.",M,Monthly,2020-03,Mar-20,PC,Percentage,0,Units,,,3.8,,
DEU,Germany,LRHUTTTT,"Unemployment rate (monthly), Total, All persons",STSA,"Level, rate or quantity series, s.a.",M,Monthly,2020-04,Apr-20,PC,Percentage,0,Units,,,4,,
DEU,Germany,LRHUTTTT,"Unemployment rate (monthly), Total, All persons",STSA,"Level, rate or quantity series, s.a.",M,Monthly,2020-05,May-20,PC,Percentage,0,Units,,,4.2,,
DEU,Germany,LRHUTTTT,"Unemployment rate (monthly), Total, All persons",STSA,"Level, rate or quantity series, s.a.",M,Monthly,2020-06,Jun-20,PC,Percentage,0,Units,,,4.3,,
DEU,Germany,LRHUTTTT,"Unemployment rate (monthly), Total, All persons",STSA,"Level, rate or quantity series, s.a.",M,Monthly,2020-07,Jul-20,PC,Percentage,0,Units,,,4.4,,
DEU,Germany,LRHUTTTT,"Unemployment rate (monthly), Total, All persons",STSA,"Level, rate or quantity series, s.a.",M,Monthly,2020-08,Aug-20,PC,Percentage,0,Units,,,4.5,,
DEU,Germany,LRHUTTTT,"Unemployment rate (monthly), Total, All persons",STSA,"Level, rate or quantity series, s.a.",M,Monthly,2020-09,Sep-20,PC,Percentage,0,Units,,,4.5,,
DEU,Germany,LRHUTTTT,"Unemployment rate (monthly), Total, All persons",STSA,"Level, rate or quantity series, s.a.",M,Monthly,2020-10,Oct-20,PC,Percentage,0,Units,,,4.5,,
GRC,Greece,LRHUTTTT,"Unemployment rate (monthly), Total, All persons",STSA,"Level, rate or quantity series, s.a.",M,Monthly,2019-10,Oct-19,PC,Percentage,0,Units,,,16.7,,
GRC,Greece,LRHUTTTT,"Unemployment rate (monthly), Total, All persons",STSA,"Level, rate or quantity series, s.a.",M,Monthly,2019-11,Nov-19,PC,Percentage,0,Units,,,16.7,,
GRC,Greece,LRHUTTTT,"Unemployment rate (monthly), Total, All persons",STSA,"Level, rate or quantity series, s.a.",M,Monthly,2019-12,Dec-19,PC,Percentage,0,Units,,,16.4,,
GRC,Greece,LRHUTTTT,"Unemployment rate (monthly), Total, All persons",STSA,"Level, rate or quantity series, s.a.",M,Monthly,2020-01,Jan-20,PC,Percentage,0,Units,,,16.1,,
GRC,Greece,LRHUTTTT,"Unemployment rate (monthly), Total, All persons",STSA,"Level, rate or quantity series, s.a.",M,Monthly,2020-02,Feb-20,PC,Percentage,0,Units,,,15.9,,
GRC,Greece,LRHUTTTT,"Unemployment rate (monthly), Total, All persons",STSA,"Level, rate or quantity series, s.a.",M,Monthly,2020-03,Mar-20,PC,Percentage,0,Units,,,15.6,,
GRC,Greece,LRHUTTTT,"Unemployment rate (monthly), Total, All persons",STSA,"Level, rate or quantity series, s.a.",M,Monthly,2020-04,Apr-20,PC,Percentage,0,Units,,,15.7,,
GRC,Greece,LRHUTTTT,"Unemployment rate (monthly), Total, All persons",STSA,"Level, rate or quantity series, s.a.",M,Monthly,2020-05,May-20,PC,Percentage,0,Units,,,17.7,,
GRC,Greece,LRHUTTTT,"Unemployment rate (monthly), Total, All persons",STSA,"Level, rate or quantity series, s.a.",M,Monthly,2020-06,Jun-20,PC,Percentage,0,Units,,,17.5,,
GRC,Greece,LRHUTTTT,"Unemployment rate (monthly), Total, All persons",STSA,"Level, rate or quantity series, s.a.",M,Monthly,2020-07,Jul-20,PC,Percentage,0,Units,,,17,,
GRC,Greece,LRHUTTTT,"Unemployment rate (monthly), Total, All persons",STSA,"Level, rate or quantity series, s.a.",M,Monthly,2020-08,Aug-20,PC,Percentage,0,Units,,,16.8,,
HUN,Hungary,LRHUTTTT,"Unemployment rate (monthly), Total, All persons",STSA,"Level, rate or quantity series, s.a.",M,Monthly,2019-10,Oct-19,PC,Percentage,0,Units,,,3.6,,
HUN,Hungary,LRHUTTTT,"Unemployment rate (monthly), Total, All persons",STSA,"Level, rate or quantity series, s.a.",M,Monthly,2019-11,Nov-19,PC,Percentage,0,Units,,,3.4,,
HUN,Hungary,LRHUTTTT,"Unemployment rate (monthly), Total, All persons",STSA,"Level, rate or quantity series, s.a.",M,Monthly,2019-12,Dec-19,PC,Percentage,0,Units,,,3.4,,
HUN,Hungary,LRHUTTTT,"Unemployment rate (monthly), Total, All persons",STSA,"Level, rate or quantity series, s.a.",M,Monthly,2020-01,Jan-20,PC,Percentage,0,Units,,,3.4,,
HUN,Hungary,LRHUTTTT,"Unemployment rate (monthly), Total, All persons",STSA,"Level, rate or quantity series, s.a.",M,Monthly,2020-02,Feb-20,PC,Percentage,0,Units,,,3.6,,
HUN,Hungary,LRHUTTTT,"Unemployment rate (monthly), Total, All persons",STSA,"Level, rate or quantity series, s.a.",M,Monthly,2020-03,Mar-20,PC,Percentage,0,Units,,,3.7,,
HUN,Hungary,LRHUTTTT,"Unemployment rate (monthly), Total, All persons",STSA,"Level, rate or quantity series, s.a.",M,Monthly,2020-04,Apr-20,PC,Percentage,0,Units,,,4.1,,
HUN,Hungary,LRHUTTTT,"Unemployment rate (monthly), Total, All persons",STSA,"Level, rate or quantity series, s.a.",M,Monthly,2020-05,May-20,PC,Percentage,0,Units,,,4.8,,
HUN,Hungary,LRHUTTTT,"Unemployment rate (monthly), Total, All persons",STSA,"Level, rate or quantity series, s.a.",M,Monthly,2020-06,Jun-20,PC,Percentage,0,Units,,,4.9,,
HUN,Hungary,LRHUTTTT,"Unemployment rate (monthly), Total, All persons",STSA,"Level, rate or quantity series, s.a.",M,Monthly,2020-07,Jul-20,PC,Percentage,0,Units,,,4.6,,
HUN,Hungary,LRHUTTTT,"Unemployment rate (monthly), Total, All persons",STSA,"Level, rate or quantity series, s.a.",M,Monthly,2020-08,Aug-20,PC,Percentage,0,Units,,,4.4,,
HUN,Hungary,LRHUTTTT,"Unemployment rate (monthly), Total, All persons",STSA,"Level, rate or quantity series, s.a.",M,Monthly,2020-09,Sep-20,PC,Percentage,0,Units,,,4.4,,
ISL,Iceland,LRHUTTTT,"Unemployment rate (monthly), Total, All persons",STSA,"Level, rate or quantity series, s.a.",M,Monthly,2019-10,Oct-19,PC,Percentage,0,Units,,,3.7,,
ISL,Iceland,LRHUTTTT,"Unemployment rate (monthly), Total, All persons",STSA,"Level, rate or quantity series, s.a.",M,Monthly,2019-11,Nov-19,PC,Percentage,0,Units,,,3.8,,
ISL,Iceland,LRHUTTTT,"Unemployment rate (monthly), Total, All persons",STSA,"Level, rate or quantity series, s.a.",M,Monthly,2019-12,Dec-19,PC,Percentage,0,Units,,,3.9,,
ISL,Iceland,LRHUTTTT,"Unemployment rate (monthly), Total, All persons",STSA,"Level, rate or quantity series, s.a.",M,Monthly,2020-01,Jan-20,PC,Percentage,0,Units,,,4.1,,
ISL,Iceland,LRHUTTTT,"Unemployment rate (monthly), Total, All persons",STSA,"Level, rate or quantity series, s.a.",M,Monthly,2020-02,Feb-20,PC,Percentage,0,Units,,,4.2,,
ISL,Iceland,LRHUTTTT,"Unemployment rate (monthly), Total, All persons",STSA,"Level, rate or quantity series, s.a.",M,Monthly,2020-03,Mar-20,PC,Percentage,0,Units,,,4.4,,
ISL,Iceland,LRHUTTTT,"Unemployment rate (monthly), Total, All persons",STSA,"Level, rate or quantity series, s.a.",M,Monthly,2020-04,Apr-20,PC,Percentage,0,Units,,,4.6,,
ISL,Iceland,LRHUTTTT,"Unemployment rate (monthly), Total, All persons",STSA,"Level, rate or quantity series, s.a.",M,Monthly,2020-05,May-20,PC,Percentage,0,Units,,,4.8,,
ISL,Iceland,LRHUTTTT,"Unemployment rate (monthly), Total, All persons",STSA,"Level, rate or quantity series, s.a.",M,Monthly,2020-06,Jun-20,PC,Percentage,0,Units,,,4.9,,
ISL,Iceland,LRHUTTTT,"Unemployment rate (monthly), Total, All persons",STSA,"Level, rate or quantity series, s.a.",M,Monthly,2020-07,Jul-20,PC,Percentage,0,Units,,,5.1,,
ISL,Iceland,LRHUTTTT,"Unemployment rate (monthly), Total, All persons",STSA,"Level, rate or quantity series, s.a.",M,Monthly,2020-08,Aug-20,PC,Percentage,0,Units,,,5.2,,
ISL,Iceland,LRHUTTTT,"Unemployment rate (monthly), Total, All persons",STSA,"Level, rate or quantity series, s.a.",M,Monthly,2020-09,Sep-20,PC,Percentage,0,Units,,,5.3,,
ISL,Iceland,LRHUTTTT,"Unemployment rate (monthly), Total, All persons",STSA,"Level, rate or quantity series, s.a.",M,Monthly,2020-10,Oct-20,PC,Percentage,0,Units,,,5.4,,
IRL,Ireland,LRHUTTTT,"Unemployment rate (monthly), Total, All persons",STSA,"Level, rate or quantity series, s.a.",M,Monthly,2019-10,Oct-19,PC,Percentage,0,Units,,,4.7,,
IRL,Ireland,LRHUTTTT,"Unemployment rate (monthly), Total, All persons",STSA,"Level, rate or quantity series, s.a.",M,Monthly,2019-11,Nov-19,PC,Percentage,0,Units,,,4.7,,
IRL,Ireland,LRHUTTTT,"Unemployment rate (monthly), Total, All persons",STSA,"Level, rate or quantity series, s.a.",M,Monthly,2019-12,Dec-19,PC,Percentage,0,Units,,,4.8,,
IRL,Ireland,LRHUTTTT,"Unemployment rate (monthly), Total, All persons",STSA,"Level, rate or quantity series, s.a.",M,Monthly,2020-01,Jan-20,PC,Percentage,0,Units,,,4.9,,
IRL,Ireland,LRHUTTTT,"Unemployment rate (monthly), Total, All persons",STSA,"Level, rate or quantity series, s.a.",M,Monthly,2020-02,Feb-20,PC,Percentage,0,Units,,,4.9,,
IRL,Ireland,LRHUTTTT,"Unemployment rate (monthly), Total, All persons",STSA,"Level, rate or quantity series, s.a.",M,Monthly,2020-03,Mar-20,PC,Percentage,0,Units,,,5,,
IRL,Ireland,LRHUTTTT,"Unemployment rate (monthly), Total, All persons",STSA,"Level, rate or quantity series, s.a.",M,Monthly,2020-04,Apr-20,PC,Percentage,0,Units,,,4.6,,
IRL,Ireland,LRHUTTTT,"Unemployment rate (monthly), Total, All persons",STSA,"Level, rate or quantity series, s.a.",M,Monthly,2020-05,May-20,PC,Percentage,0,Units,,,4.7,,
IRL,Ireland,LRHUTTTT,"Unemployment rate (monthly), Total, All persons",STSA,"Level, rate or quantity series, s.a.",M,Monthly,2020-06,Jun-20,PC,Percentage,0,Units,,,5.2,,
IRL,Ireland,LRHUTTTT,"Unemployment rate (monthly), Total, All persons",STSA,"Level, rate or quantity series, s.a.",M,Monthly,2020-07,Jul-20,PC,Percentage,0,Units,,,6.2,,
IRL,Ireland,LRHUTTTT,"Unemployment rate (monthly), Total, All persons",STSA,"Level, rate or quantity series, s.a.",M,Monthly,2020-08,Aug-20,PC,Percentage,0,Units,,,6.7,,
IRL,Ireland,LRHUTTTT,"Unemployment rate (monthly), Total, All persons",STSA,"Level, rate or quantity series, s.a.",M,Monthly,2020-09,Sep-20,PC,Percentage,0,Units,,,7.3,,
IRL,Ireland,LRHUTTTT,"Unemployment rate (monthly), Total, All persons",STSA,"Level, rate or quantity series, s.a.",M,Monthly,2020-10,Oct-20,PC,Percentage,0,Units,,,7.3,,
ITA,Italy,LRHUTTTT,"Unemployment rate (monthly), Total, All persons",STSA,"Level, rate or quantity series, s.a.",M,Monthly,2019-10,Oct-19,PC,Percentage,0,Units,,,9.5,,
ITA,Italy,LRHUTTTT,"Unemployment rate (monthly), Total, All persons",STSA,"Level, rate or quantity series, s.a.",M,Monthly,2019-11,Nov-19,PC,Percentage,0,Units,,,9.5,,
ITA,Italy,LRHUTTTT,"Unemployment rate (monthly), Total, All persons",STSA,"Level, rate or quantity series, s.a.",M,Monthly,2019-12,Dec-19,PC,Percentage,0,Units,,,9.6,,
ITA,Italy,LRHUTTTT,"Unemployment rate (monthly), Total, All persons",STSA,"Level, rate or quantity series, s.a.",M,Monthly,2020-01,Jan-20,PC,Percentage,0,Units,,,9.6,,
ITA,Italy,LRHUTTTT,"Unemployment rate (monthly), Total, All persons",STSA,"Level, rate or quantity series, s.a.",M,Monthly,2020-02,Feb-20,PC,Percentage,0,Units,,,9.4,,
ITA,Italy,LRHUTTTT,"Unemployment rate (monthly), Total, All persons",STSA,"Level, rate or quantity series, s.a.",M,Monthly,2020-03,Mar-20,PC,Percentage,0,Units,,,8.5,,
ITA,Italy,LRHUTTTT,"Unemployment rate (monthly), Total, All persons",STSA,"Level, rate or quantity series, s.a.",M,Monthly,2020-04,Apr-20,PC,Percentage,0,Units,,,7.4,,
ITA,Italy,LRHUTTTT,"Unemployment rate (monthly), Total, All persons",STSA,"Level, rate or quantity series, s.a.",M,Monthly,2020-05,May-20,PC,Percentage,0,Units,,,8.7,,
ITA,Italy,LRHUTTTT,"Unemployment rate (monthly), Total, All persons",STSA,"Level, rate or quantity series, s.a.",M,Monthly,2020-06,Jun-20,PC,Percentage,0,Units,,,9.4,,
ITA,Italy,LRHUTTTT,"Unemployment rate (monthly), Total, All persons",STSA,"Level, rate or quantity series, s.a.",M,Monthly,2020-07,Jul-20,PC,Percentage,0,Units,,,9.9,,
ITA,Italy,LRHUTTTT,"Unemployment rate (monthly), Total, All persons",STSA,"Level, rate or quantity series, s.a.",M,Monthly,2020-08,Aug-20,PC,Percentage,0,Units,,,9.8,,
ITA,Italy,LRHUTTTT,"Unemployment rate (monthly), Total, All persons",STSA,"Level, rate or quantity series, s.a.",M,Monthly,2020-09,Sep-20,PC,Percentage,0,Units,,,9.7,,
ITA,Italy,LRHUTTTT,"Unemployment rate (monthly), Total, All persons",STSA,"Level, rate or quantity series, s.a.",M,Monthly,2020-10,Oct-20,PC,Percentage,0,Units,,,9.8,,
JPN,Japan,LRHUTTTT,"Unemployment rate (monthly), Total, All persons",STSA,"Level, rate or quantity series, s.a.",M,Monthly,2019-10,Oct-19,PC,Percentage,0,Units,,,2.4,,
JPN,Japan,LRHUTTTT,"Unemployment rate (monthly), Total, All persons",STSA,"Level, rate or quantity series, s.a.",M,Monthly,2019-11,Nov-19,PC,Percentage,0,Units,,,2.2,,
JPN,Japan,LRHUTTTT,"Unemployment rate (monthly), Total, All persons",STSA,"Level, rate or quantity series, s.a.",M,Monthly,2019-12,Dec-19,PC,Percentage,0,Units,,,2.2,,
JPN,Japan,LRHUTTTT,"Unemployment rate (monthly), Total, All persons",STSA,"Level, rate or quantity series, s.a.",M,Monthly,2020-01,Jan-20,PC,Percentage,0,Units,,,2.4,,
JPN,Japan,LRHUTTTT,"Unemployment rate (monthly), Total, All persons",STSA,"Level, rate or quantity series, s.a.",M,Monthly,2020-02,Feb-20,PC,Percentage,0,Units,,,2.4,,
JPN,Japan,LRHUTTTT,"Unemployment rate (monthly), Total, All persons",STSA,"Level, rate or quantity series, s.a.",M,Monthly,2020-03,Mar-20,PC,Percentage,0,Units,,,2.5,,
JPN,Japan,LRHUTTTT,"Unemployment rate (monthly), Total, All persons",STSA,"Level, rate or quantity series, s.a.",M,Monthly,2020-04,Apr-20,PC,Percentage,0,Units,,,2.6,,
JPN,Japan,LRHUTTTT,"Unemployment rate (monthly), Total, All persons",STSA,"Level, rate or quantity series, s.a.",M,Monthly,2020-05,May-20,PC,Percentage,0,Units,,,2.9,,
JPN,Japan,LRHUTTTT,"Unemployment rate (monthly), Total, All persons",STSA,"Level, rate or quantity series, s.a.",M,Monthly,2020-06,Jun-20,PC,Percentage,0,Units,,,2.8,,
JPN,Japan,LRHUTTTT,"Unemployment rate (monthly), Total, All persons",STSA,"Level, rate or quantity series, s.a.",M,Monthly,2020-07,Jul-20,PC,Percentage,0,Units,,,2.9,,
JPN,Japan,LRHUTTTT,"Unemployment rate (monthly), Total, All persons",STSA,"Level, rate or quantity series, s.a.",M,Monthly,2020-08,Aug-20,PC,Percentage,0,Units,,,3,,
JPN,Japan,LRHUTTTT,"Unemployment rate (monthly), Total, All persons",STSA,"Level, rate or quantity series, s.a.",M,Monthly,2020-09,Sep-20,PC,Percentage,0,Units,,,3,,
JPN,Japan,LRHUTTTT,"Unemployment rate (monthly), Total, All persons",STSA,"Level, rate or quantity series, s.a.",M,Monthly,2020-10,Oct-20,PC,Percentage,0,Units,,,3.1,,
JPN,Japan,LRHUTTTT,"Unemployment rate (monthly), Total, All persons",STSA,"Level, rate or quantity series, s.a.",M,Monthly,2020-11,Nov-20,PC,Percentage,0,Units,,,2.9,,
KOR,Korea,LRHUTTTT,"Unemployment rate (monthly), Total, All persons",STSA,"Level, rate or quantity series, s.a.",M,Monthly,2019-10,Oct-19,PC,Percentage,0,Units,,,3.5,,
KOR,Korea,LRHUTTTT,"Unemployment rate (monthly), Total, All persons",STSA,"Level, rate or quantity series, s.a.",M,Monthly,2019-11,Nov-19,PC,Percentage,0,Units,,,3.6,,
KOR,Korea,LRHUTTTT,"Unemployment rate (monthly), Total, All persons",STSA,"Level, rate or quantity series, s.a.",M,Monthly,2019-12,Dec-19,PC,Percentage,0,Units,,,3.7,,
KOR,Korea,LRHUTTTT,"Unemployment rate (monthly), Total, All persons",STSA,"Level, rate or quantity series, s.a.",M,Monthly,2020-01,Jan-20,PC,Percentage,0,Units,,,4,,
KOR,Korea,LRHUTTTT,"Unemployment rate (monthly), Total, All persons",STSA,"Level, rate or quantity series, s.a.",M,Monthly,2020-02,Feb-20,PC,Percentage,0,Units,,,3.3,,
KOR,Korea,LRHUTTTT,"Unemployment rate (monthly), Total, All persons",STSA,"Level, rate or quantity series, s.a.",M,Monthly,2020-03,Mar-20,PC,Percentage,0,Units,,,3.8,,
KOR,Korea,LRHUTTTT,"Unemployment rate (monthly), Total, All persons",STSA,"Level, rate or quantity series, s.a.",M,Monthly,2020-04,Apr-20,PC,Percentage,0,Units,,,3.8,,
KOR,Korea,LRHUTTTT,"Unemployment rate (monthly), Total, All persons",STSA,"Level, rate or quantity series, s.a.",M,Monthly,2020-05,May-20,PC,Percentage,0,Units,,,4.5,,
KOR,Korea,LRHUTTTT,"Unemployment rate (monthly), Total, All persons",STSA,"Level, rate or quantity series, s.a.",M,Monthly,2020-06,Jun-20,PC,Percentage,0,Units,,,4.3,,
KOR,Korea,LRHUTTTT,"Unemployment rate (monthly), Total, All persons",STSA,"Level, rate or quantity series, s.a.",M,Monthly,2020-07,Jul-20,PC,Percentage,0,Units,,,4.2,,
KOR,Korea,LRHUTTTT,"Unemployment rate (monthly), Total, All persons",STSA,"Level, rate or quantity series, s.a.",M,Monthly,2020-08,Aug-20,PC,Percentage,0,Units,,,3.2,,
KOR,Korea,LRHUTTTT,"Unemployment rate (monthly), Total, All persons",STSA,"Level, rate or quantity series, s.a.",M,Monthly,2020-09,Sep-20,PC,Percentage,0,Units,,,3.9,,
KOR,Korea,LRHUTTTT,"Unemployment rate (monthly), Total, All persons",STSA,"Level, rate or quantity series, s.a.",M,Monthly,2020-10,Oct-20,PC,Percentage,0,Units,,,4.2,,
KOR,Korea,LRHUTTTT,"Unemployment rate (monthly), Total, All persons",STSA,"Level, rate or quantity series, s.a.",M,Monthly,2020-11,Nov-20,PC,Percentage,0,Units,,,4.1,,
LUX,Luxembourg,LRHUTTTT,"Unemployment rate (monthly), Total, All persons",STSA,"Level, rate or quantity series, s.a.",M,Monthly,2019-10,Oct-19,PC,Percentage,0,Units,,,5.5,,
LUX,Luxembourg,LRHUTTTT,"Unemployment rate (monthly), Total, All persons",STSA,"Level, rate or quantity series, s.a.",M,Monthly,2019-11,Nov-19,PC,Percentage,0,Units,,,5.6,,
LUX,Luxembourg,LRHUTTTT,"Unemployment rate (monthly), Total, All persons",STSA,"Level, rate or quantity series, s.a.",M,Monthly,2019-12,Dec-19,PC,Percentage,0,Units,,,5.6,,
LUX,Luxembourg,LRHUTTTT,"Unemployment rate (monthly), Total, All persons",STSA,"Level, rate or quantity series, s.a.",M,Monthly,2020-01,Jan-20,PC,Percentage,0,Units,,,5.7,,
LUX,Luxembourg,LRHUTTTT,"Unemployment rate (monthly), Total, All persons",STSA,"Level, rate or quantity series, s.a.",M,Monthly,2020-02,Feb-20,PC,Percentage,0,Units,,,5.7,,
LUX,Luxembourg,LRHUTTTT,"Unemployment rate (monthly), Total, All persons",STSA,"Level, rate or quantity series, s.a.",M,Monthly,2020-03,Mar-20,PC,Percentage,0,Units,,,6.5,,
LUX,Luxembourg,LRHUTTTT,"Unemployment rate (monthly), Total, All persons",STSA,"Level, rate or quantity series, s.a.",M,Monthly,2020-04,Apr-20,PC,Percentage,0,Units,,,7.4,,
LUX,Luxembourg,LRHUTTTT,"Unemployment rate (monthly), Total, All persons",STSA,"Level, rate or quantity series, s.a.",M,Monthly,2020-05,May-20,PC,Percentage,0,Units,,,7.6,,
LUX,Luxembourg,LRHUTTTT,"Unemployment rate (monthly), Total, All persons",STSA,"Level, rate or quantity series, s.a.",M,Monthly,2020-06,Jun-20,PC,Percentage,0,Units,,,7.6,,
LUX,Luxembourg,LRHUTTTT,"Unemployment rate (monthly), Total, All persons",STSA,"Level, rate or quantity series, s.a.",M,Monthly,2020-07,Jul-20,PC,Percentage,0,Units,,,7.2,,
LUX,Luxembourg,LRHUTTTT,"Unemployment rate (monthly), Total, All persons",STSA,"Level, rate or quantity series, s.a.",M,Monthly,2020-08,Aug-20,PC,Percentage,0,Units,,,6.8,,
LUX,Luxembourg,LRHUTTTT,"Unemployment rate (monthly), Total, All persons",STSA,"Level, rate or quantity series, s.a.",M,Monthly,2020-09,Sep-20,PC,Percentage,0,Units,,,6.7,,
LUX,Luxembourg,LRHUTTTT,"Unemployment rate (monthly), Total, All persons",STSA,"Level, rate or quantity series, s.a.",M,Monthly,2020-10,Oct-20,PC,Percentage,0,Units,,,6.5,,
MEX,Mexico,LRHUTTTT,"Unemployment rate (monthly), Total, All persons",STSA,"Level, rate or quantity series, s.a.",M,Monthly,2019-10,Oct-19,PC,Percentage,0,Units,,,3.536324,,
MEX,Mexico,LRHUTTTT,"Unemployment rate (monthly), Total, All persons",STSA,"Level, rate or quantity series, s.a.",M,Monthly,2019-11,Nov-19,PC,Percentage,0,Units,,,3.493607,,
MEX,Mexico,LRHUTTTT,"Unemployment rate (monthly), Total, All persons",STSA,"Level, rate or quantity series, s.a.",M,Monthly,2019-12,Dec-19,PC,Percentage,0,Units,,,3.228878,,
MEX,Mexico,LRHUTTTT,"Unemployment rate (monthly), Total, All persons",STSA,"Level, rate or quantity series, s.a.",M,Monthly,2020-01,Jan-20,PC,Percentage,0,Units,,,3.579905,,
MEX,Mexico,LRHUTTTT,"Unemployment rate (monthly), Total, All persons",STSA,"Level, rate or quantity series, s.a.",M,Monthly,2020-02,Feb-20,PC,Percentage,0,Units,,,3.566667,,
MEX,Mexico,LRHUTTTT,"Unemployment rate (monthly), Total, All persons",STSA,"Level, rate or quantity series, s.a.",M,Monthly,2020-03,Mar-20,PC,Percentage,0,Units,,,3.253436,B,Break
MEX,Mexico,LRHUTTTT,"Unemployment rate (monthly), Total, All persons",STSA,"Level, rate or quantity series, s.a.",M,Monthly,2020-04,Apr-20,PC,Percentage,0,Units,,,4.807087,,
MEX,Mexico,LRHUTTTT,"Unemployment rate (monthly), Total, All persons",STSA,"Level, rate or quantity series, s.a.",M,Monthly,2020-05,May-20,PC,Percentage,0,Units,,,4.309348,,
MEX,Mexico,LRHUTTTT,"Unemployment rate (monthly), Total, All persons",STSA,"Level, rate or quantity series, s.a.",M,Monthly,2020-06,Jun-20,PC,Percentage,0,Units,,,5.505055,B,Break
MEX,Mexico,LRHUTTTT,"Unemployment rate (monthly), Total, All persons",STSA,"Level, rate or quantity series, s.a.",M,Monthly,2020-07,Jul-20,PC,Percentage,0,Units,,,5.156418,,
MEX,Mexico,LRHUTTTT,"Unemployment rate (monthly), Total, All persons",STSA,"Level, rate or quantity series, s.a.",M,Monthly,2020-08,Aug-20,PC,Percentage,0,Units,,,4.960909,,
MEX,Mexico,LRHUTTTT,"Unemployment rate (monthly), Total, All persons",STSA,"Level, rate or quantity series, s.a.",M,Monthly,2020-09,Sep-20,PC,Percentage,0,Units,,,4.693516,,
MEX,Mexico,LRHUTTTT,"Unemployment rate (monthly), Total, All persons",STSA,"Level, rate or quantity series, s.a.",M,Monthly,2020-10,Oct-20,PC,Percentage,0,Units,,,4.589718,,
NLD,Netherlands,LRHUTTTT,"Unemployment rate (monthly), Total, All persons",STSA,"Level, rate or quantity series, s.a.",M,Monthly,2019-10,Oct-19,PC,Percentage,0,Units,,,3.5,,
NLD,Netherlands,LRHUTTTT,"Unemployment rate (monthly), Total, All persons",STSA,"Level, rate or quantity series, s.a.",M,Monthly,2019-11,Nov-19,PC,Percentage,0,Units,,,3.5,,
NLD,Netherlands,LRHUTTTT,"Unemployment rate (monthly), Total, All persons",STSA,"Level, rate or quantity series, s.a.",M,Monthly,2019-12,Dec-19,PC,Percentage,0,Units,,,3.2,,
NLD,Netherlands,LRHUTTTT,"Unemployment rate (monthly), Total, All persons",STSA,"Level, rate or quantity series, s.a.",M,Monthly,2020-01,Jan-20,PC,Percentage,0,Units,,,3,,
NLD,Netherlands,LRHUTTTT,"Unemployment rate (monthly), Total, All persons",STSA,"Level, rate or quantity series, s.a.",M,Monthly,2020-02,Feb-20,PC,Percentage,0,Units,,,2.9,,
NLD,Netherlands,LRHUTTTT,"Unemployment rate (monthly), Total, All persons",STSA,"Level, rate or quantity series, s.a.",M,Monthly,2020-03,Mar-20,PC,Percentage,0,Units,,,2.9,,
NLD,Netherlands,LRHUTTTT,"Unemployment rate (monthly), Total, All persons",STSA,"Level, rate or quantity series, s.a.",M,Monthly,2020-04,Apr-20,PC,Percentage,0,Units,,,3.4,,
NLD,Netherlands,LRHUTTTT,"Unemployment rate (monthly), Total, All persons",STSA,"Level, rate or quantity series, s.a.",M,Monthly,2020-05,May-20,PC,Percentage,0,Units,,,3.6,,
NLD,Netherlands,LRHUTTTT,"Unemployment rate (monthly), Total, All persons",STSA,"Level, rate or quantity series, s.a.",M,Monthly,2020-06,Jun-20,PC,Percentage,0,Units,,,4.3,,
NLD,Netherlands,LRHUTTTT,"Unemployment rate (monthly), Total, All persons",STSA,"Level, rate or quantity series, s.a.",M,Monthly,2020-07,Jul-20,PC,Percentage,0,Units,,,4.5,,
NLD,Netherlands,LRHUTTTT,"Unemployment rate (monthly), Total, All persons",STSA,"Level, rate or quantity series, s.a.",M,Monthly,2020-08,Aug-20,PC,Percentage,0,Units,,,4.6,,
NLD,Netherlands,LRHUTTTT,"Unemployment rate (monthly), Total, All persons",STSA,"Level, rate or quantity series, s.a.",M,Monthly,2020-09,Sep-20,PC,Percentage,0,Units,,,4.4,,
NLD,Netherlands,LRHUTTTT,"Unemployment rate (monthly), Total, All persons",STSA,"Level, rate or quantity series, s.a.",M,Monthly,2020-10,Oct-20,PC,Percentage,0,Units,,,4.3,,
NOR,Norway,LRHUTTTT,"Unemployment rate (monthly), Total, All persons",STSA,"Level, rate or quantity series, s.a.",M,Monthly,2019-10,Oct-19,PC,Percentage,0,Units,,,3.8,,
NOR,Norway,LRHUTTTT,"Unemployment rate (monthly), Total, All persons",STSA,"Level, rate or quantity series, s.a.",M,Monthly,2019-11,Nov-19,PC,Percentage,0,Units,,,3.9,,
NOR,Norway,LRHUTTTT,"Unemployment rate (monthly), Total, All persons",STSA,"Level, rate or quantity series, s.a.",M,Monthly,2019-12,Dec-19,PC,Percentage,0,Units,,,3.9,,
NOR,Norway,LRHUTTTT,"Unemployment rate (monthly), Total, All persons",STSA,"Level, rate or quantity series, s.a.",M,Monthly,2020-01,Jan-20,PC,Percentage,0,Units,,,3.7,,
NOR,Norway,LRHUTTTT,"Unemployment rate (monthly), Total, All persons",STSA,"Level, rate or quantity series, s.a.",M,Monthly,2020-02,Feb-20,PC,Percentage,0,Units,,,3.5,,
NOR,Norway,LRHUTTTT,"Unemployment rate (monthly), Total, All persons",STSA,"Level, rate or quantity series, s.a.",M,Monthly,2020-03,Mar-20,PC,Percentage,0,Units,,,3.6,,
NOR,Norway,LRHUTTTT,"Unemployment rate (monthly), Total, All persons",STSA,"Level, rate or quantity series, s.a.",M,Monthly,2020-04,Apr-20,PC,Percentage,0,Units,,,4.1,,
NOR,Norway,LRHUTTTT,"Unemployment rate (monthly), Total, All persons",STSA,"Level, rate or quantity series, s.a.",M,Monthly,2020-05,May-20,PC,Percentage,0,Units,,,4.6,,
NOR,Norway,LRHUTTTT,"Unemployment rate (monthly), Total, All persons",STSA,"Level, rate or quantity series, s.a.",M,Monthly,2020-06,Jun-20,PC,Percentage,0,Units,,,5.2,,
NOR,Norway,LRHUTTTT,"Unemployment rate (monthly), Total, All persons",STSA,"Level, rate or quantity series, s.a.",M,Monthly,2020-07,Jul-20,PC,Percentage,0,Units,,,5.2,,
NOR,Norway,LRHUTTTT,"Unemployment rate (monthly), Total, All persons",STSA,"Level, rate or quantity series, s.a.",M,Monthly,2020-08,Aug-20,PC,Percentage,0,Units,,,5.3,,
NOR,Norway,LRHUTTTT,"Unemployment rate (monthly), Total, All persons",STSA,"Level, rate or quantity series, s.a.",M,Monthly,2020-09,Sep-20,PC,Percentage,0,Units,,,5.2,,
POL,Poland,LRHUTTTT,"Unemployment rate (monthly), Total, All persons",STSA,"Level, rate or quantity series, s.a.",M,Monthly,2019-10,Oct-19,PC,Percentage,0,Units,,,3,,
POL,Poland,LRHUTTTT,"Unemployment rate (monthly), Total, All persons",STSA,"Level, rate or quantity series, s.a.",M,Monthly,2019-11,Nov-19,PC,Percentage,0,Units,,,2.9,,
POL,Poland,LRHUTTTT,"Unemployment rate (monthly), Total, All persons",STSA,"Level, rate or quantity series, s.a.",M,Monthly,2019-12,Dec-19,PC,Percentage,0,Units,,,2.9,,
POL,Poland,LRHUTTTT,"Unemployment rate (monthly), Total, All persons",STSA,"Level, rate or quantity series, s.a.",M,Monthly,2020-01,Jan-20,PC,Percentage,0,Units,,,3,,
POL,Poland,LRHUTTTT,"Unemployment rate (monthly), Total, All persons",STSA,"Level, rate or quantity series, s.a.",M,Monthly,2020-02,Feb-20,PC,Percentage,0,Units,,,3,,
POL,Poland,LRHUTTTT,"Unemployment rate (monthly), Total, All persons",STSA,"Level, rate or quantity series, s.a.",M,Monthly,2020-03,Mar-20,PC,Percentage,0,Units,,,3,,
POL,Poland,LRHUTTTT,"Unemployment rate (monthly), Total, All persons",STSA,"Level, rate or quantity series, s.a.",M,Monthly,2020-04,Apr-20,PC,Percentage,0,Units,,,3.1,,
POL,Poland,LRHUTTTT,"Unemployment rate (monthly), Total, All persons",STSA,"Level, rate or quantity series, s.a.",M,Monthly,2020-05,May-20,PC,Percentage,0,Units,,,3.3,,
POL,Poland,LRHUTTTT,"Unemployment rate (monthly), Total, All persons",STSA,"Level, rate or quantity series, s.a.",M,Monthly,2020-06,Jun-20,PC,Percentage,0,Units,,,3.4,,
POL,Poland,LRHUTTTT,"Unemployment rate (monthly), Total, All persons",STSA,"Level, rate or quantity series, s.a.",M,Monthly,2020-07,Jul-20,PC,Percentage,0,Units,,,3.4,,
POL,Poland,LRHUTTTT,"Unemployment rate (monthly), Total, All persons",STSA,"Level, rate or quantity series, s.a.",M,Monthly,2020-08,Aug-20,PC,Percentage,0,Units,,,3.4,,
POL,Poland,LRHUTTTT,"Unemployment rate (monthly), Total, All persons",STSA,"Level, rate or quantity series, s.a.",M,Monthly,2020-09,Sep-20,PC,Percentage,0,Units,,,3.4,,
POL,Poland,LRHUTTTT,"Unemployment rate (monthly), Total, All persons",STSA,"Level, rate or quantity series, s.a.",M,Monthly,2020-10,Oct-20,PC,Percentage,0,Units,,,3.5,,
PRT,Portugal,LRHUTTTT,"Unemployment rate (monthly), Total, All persons",STSA,"Level, rate or quantity series, s.a.",M,Monthly,2019-10,Oct-19,PC,Percentage,0,Units,,,6.5,,
PRT,Portugal,LRHUTTTT,"Unemployment rate (monthly), Total, All persons",STSA,"Level, rate or quantity series, s.a.",M,Monthly,2019-11,Nov-19,PC,Percentage,0,Units,,,6.7,,
PRT,Portugal,LRHUTTTT,"Unemployment rate (monthly), Total, All persons",STSA,"Level, rate or quantity series, s.a.",M,Monthly,2019-12,Dec-19,PC,Percentage,0,Units,,,6.7,,
PRT,Portugal,LRHUTTTT,"Unemployment rate (monthly), Total, All persons",STSA,"Level, rate or quantity series, s.a.",M,Monthly,2020-01,Jan-20,PC,Percentage,0,Units,,,6.8,,
PRT,Portugal,LRHUTTTT,"Unemployment rate (monthly), Total, All persons",STSA,"Level, rate or quantity series, s.a.",M,Monthly,2020-02,Feb-20,PC,Percentage,0,Units,,,6.4,,
PRT,Portugal,LRHUTTTT,"Unemployment rate (monthly), Total, All persons",STSA,"Level, rate or quantity series, s.a.",M,Monthly,2020-03,Mar-20,PC,Percentage,0,Units,,,6.2,,
PRT,Portugal,LRHUTTTT,"Unemployment rate (monthly), Total, All persons",STSA,"Level, rate or quantity series, s.a.",M,Monthly,2020-04,Apr-20,PC,Percentage,0,Units,,,6.3,,
PRT,Portugal,LRHUTTTT,"Unemployment rate (monthly), Total, All persons",STSA,"Level, rate or quantity series, s.a.",M,Monthly,2020-05,May-20,PC,Percentage,0,Units,,,5.9,,
PRT,Portugal,LRHUTTTT,"Unemployment rate (monthly), Total, All persons",STSA,"Level, rate or quantity series, s.a.",M,Monthly,2020-06,Jun-20,PC,Percentage,0,Units,,,7.3,,
PRT,Portugal,LRHUTTTT,"Unemployment rate (monthly), Total, All persons",STSA,"Level, rate or quantity series, s.a.",M,Monthly,2020-07,Jul-20,PC,Percentage,0,Units,,,7.9,,
PRT,Portugal,LRHUTTTT,"Unemployment rate (monthly), Total, All persons",STSA,"Level, rate or quantity series, s.a.",M,Monthly,2020-08,Aug-20,PC,Percentage,0,Units,,,8.1,,
PRT,Portugal,LRHUTTTT,"Unemployment rate (monthly), Total, All persons",STSA,"Level, rate or quantity series, s.a.",M,Monthly,2020-09,Sep-20,PC,Percentage,0,Units,,,7.9,,
PRT,Portugal,LRHUTTTT,"Unemployment rate (monthly), Total, All persons",STSA,"Level, rate or quantity series, s.a.",M,Monthly,2020-10,Oct-20,PC,Percentage,0,Units,,,7.5,,
SVK,Slovak Republic,LRHUTTTT,"Unemployment rate (monthly), Total, All persons",STSA,"Level, rate or quantity series, s.a.",M,Monthly,2019-10,Oct-19,PC,Percentage,0,Units,,,5.7,,
SVK,Slovak Republic,LRHUTTTT,"Unemployment rate (monthly), Total, All persons",STSA,"Level, rate or quantity series, s.a.",M,Monthly,2019-11,Nov-19,PC,Percentage,0,Units,,,5.6,,
SVK,Slovak Republic,LRHUTTTT,"Unemployment rate (monthly), Total, All persons",STSA,"Level, rate or quantity series, s.a.",M,Monthly,2019-12,Dec-19,PC,Percentage,0,Units,,,5.6,,
SVK,Slovak Republic,LRHUTTTT,"Unemployment rate (monthly), Total, All persons",STSA,"Level, rate or quantity series, s.a.",M,Monthly,2020-01,Jan-20,PC,Percentage,0,Units,,,5.9,,
SVK,Slovak Republic,LRHUTTTT,"Unemployment rate (monthly), Total, All persons",STSA,"Level, rate or quantity series, s.a.",M,Monthly,2020-02,Feb-20,PC,Percentage,0,Units,,,6,,
SVK,Slovak Republic,LRHUTTTT,"Unemployment rate (monthly), Total, All persons",STSA,"Level, rate or quantity series, s.a.",M,Monthly,2020-03,Mar-20,PC,Percentage,0,Units,,,6,,
SVK,Slovak Republic,LRHUTTTT,"Unemployment rate (monthly), Total, All persons",STSA,"Level, rate or quantity series, s.a.",M,Monthly,2020-04,Apr-20,PC,Percentage,0,Units,,,6.7,,
SVK,Slovak Republic,LRHUTTTT,"Unemployment rate (monthly), Total, All persons",STSA,"Level, rate or quantity series, s.a.",M,Monthly,2020-05,May-20,PC,Percentage,0,Units,,,6.8,,
SVK,Slovak Republic,LRHUTTTT,"Unemployment rate (monthly), Total, All persons",STSA,"Level, rate or quantity series, s.a.",M,Monthly,2020-06,Jun-20,PC,Percentage,0,Units,,,6.7,,
SVK,Slovak Republic,LRHUTTTT,"Unemployment rate (monthly), Total, All persons",STSA,"Level, rate or quantity series, s.a.",M,Monthly,2020-07,Jul-20,PC,Percentage,0,Units,,,6.8,,
SVK,Slovak Republic,LRHUTTTT,"Unemployment rate (monthly), Total, All persons",STSA,"Level, rate or quantity series, s.a.",M,Monthly,2020-08,Aug-20,PC,Percentage,0,Units,,,6.9,,
SVK,Slovak Republic,LRHUTTTT,"Unemployment rate (monthly), Total, All persons",STSA,"Level, rate or quantity series, s.a.",M,Monthly,2020-09,Sep-20,PC,Percentage,0,Units,,,6.8,,
SVK,Slovak Republic,LRHUTTTT,"Unemployment rate (monthly), Total, All persons",STSA,"Level, rate or quantity series, s.a.",M,Monthly,2020-10,Oct-20,PC,Percentage,0,Units,,,7,,
ESP,Spain,LRHUTTTT,"Unemployment rate (monthly), Total, All persons",STSA,"Level, rate or quantity series, s.a.",M,Monthly,2019-10,Oct-19,PC,Percentage,0,Units,,,14,,
ESP,Spain,LRHUTTTT,"Unemployment rate (monthly), Total, All persons",STSA,"Level, rate or quantity series, s.a.",M,Monthly,2019-11,Nov-19,PC,Percentage,0,Units,,,13.8,,
ESP,Spain,LRHUTTTT,"Unemployment rate (monthly), Total, All persons",STSA,"Level, rate or quantity series, s.a.",M,Monthly,2019-12,Dec-19,PC,Percentage,0,Units,,,13.7,,
ESP,Spain,LRHUTTTT,"Unemployment rate (monthly), Total, All persons",STSA,"Level, rate or quantity series, s.a.",M,Monthly,2020-01,Jan-20,PC,Percentage,0,Units,,,13.5,,
ESP,Spain,LRHUTTTT,"Unemployment rate (monthly), Total, All persons",STSA,"Level, rate or quantity series, s.a.",M,Monthly,2020-02,Feb-20,PC,Percentage,0,Units,,,13.5,,
ESP,Spain,LRHUTTTT,"Unemployment rate (monthly), Total, All persons",STSA,"Level, rate or quantity series, s.a.",M,Monthly,2020-03,Mar-20,PC,Percentage,0,Units,,,14.9,,
ESP,Spain,LRHUTTTT,"Unemployment rate (monthly), Total, All persons",STSA,"Level, rate or quantity series, s.a.",M,Monthly,2020-04,Apr-20,PC,Percentage,0,Units,,,15,,
ESP,Spain,LRHUTTTT,"Unemployment rate (monthly), Total, All persons",STSA,"Level, rate or quantity series, s.a.",M,Monthly,2020-05,May-20,PC,Percentage,0,Units,,,15.6,,
ESP,Spain,LRHUTTTT,"Unemployment rate (monthly), Total, All persons",STSA,"Level, rate or quantity series, s.a.",M,Monthly,2020-06,Jun-20,PC,Percentage,0,Units,,,15.9,,
ESP,Spain,LRHUTTTT,"Unemployment rate (monthly), Total, All persons",STSA,"Level, rate or quantity series, s.a.",M,Monthly,2020-07,Jul-20,PC,Percentage,0,Units,,,16.9,,
ESP,Spain,LRHUTTTT,"Unemployment rate (monthly), Total, All persons",STSA,"Level, rate or quantity series, s.a.",M,Monthly,2020-08,Aug-20,PC,Percentage,0,Units,,,16.6,,
ESP,Spain,LRHUTTTT,"Unemployment rate (monthly), Total, All persons",STSA,"Level, rate or quantity series, s.a.",M,Monthly,2020-09,Sep-20,PC,Percentage,0,Units,,,16.3,,
ESP,Spain,LRHUTTTT,"Unemployment rate (monthly), Total, All persons",STSA,"Level, rate or quantity series, s.a.",M,Monthly,2020-10,Oct-20,PC,Percentage,0,Units,,,16.2,,
SWE,Sweden,LRHUTTTT,"Unemployment rate (monthly), Total, All persons",STSA,"Level, rate or quantity series, s.a.",M,Monthly,2019-10,Oct-19,PC,Percentage,0,Units,,,6.8,,
SWE,Sweden,LRHUTTTT,"Unemployment rate (monthly), Total, All persons",STSA,"Level, rate or quantity series, s.a.",M,Monthly,2019-11,Nov-19,PC,Percentage,0,Units,,,7.3,,
SWE,Sweden,LRHUTTTT,"Unemployment rate (monthly), Total, All persons",STSA,"Level, rate or quantity series, s.a.",M,Monthly,2019-12,Dec-19,PC,Percentage,0,Units,,,6.6,,
SWE,Sweden,LRHUTTTT,"Unemployment rate (monthly), Total, All persons",STSA,"Level, rate or quantity series, s.a.",M,Monthly,2020-01,Jan-20,PC,Percentage,0,Units,,,7.2,,
SWE,Sweden,LRHUTTTT,"Unemployment rate (monthly), Total, All persons",STSA,"Level, rate or quantity series, s.a.",M,Monthly,2020-02,Feb-20,PC,Percentage,0,Units,,,7.6,,
SWE,Sweden,LRHUTTTT,"Unemployment rate (monthly), Total, All persons",STSA,"Level, rate or quantity series, s.a.",M,Monthly,2020-03,Mar-20,PC,Percentage,0,Units,,,6.8,,
SWE,Sweden,LRHUTTTT,"Unemployment rate (monthly), Total, All persons",STSA,"Level, rate or quantity series, s.a.",M,Monthly,2020-04,Apr-20,PC,Percentage,0,Units,,,7.9,,
SWE,Sweden,LRHUTTTT,"Unemployment rate (monthly), Total, All persons",STSA,"Level, rate or quantity series, s.a.",M,Monthly,2020-05,May-20,PC,Percentage,0,Units,,,8.4,,
SWE,Sweden,LRHUTTTT,"Unemployment rate (monthly), Total, All persons",STSA,"Level, rate or quantity series, s.a.",M,Monthly,2020-06,Jun-20,PC,Percentage,0,Units,,,9.2,,
SWE,Sweden,LRHUTTTT,"Unemployment rate (monthly), Total, All persons",STSA,"Level, rate or quantity series, s.a.",M,Monthly,2020-07,Jul-20,PC,Percentage,0,Units,,,9.1,,
SWE,Sweden,LRHUTTTT,"Unemployment rate (monthly), Total, All persons",STSA,"Level, rate or quantity series, s.a.",M,Monthly,2020-08,Aug-20,PC,Percentage,0,Units,,,9.1,,
SWE,Sweden,LRHUTTTT,"Unemployment rate (monthly), Total, All persons",STSA,"Level, rate or quantity series, s.a.",M,Monthly,2020-09,Sep-20,PC,Percentage,0,Units,,,8.9,,
SWE,Sweden,LRHUTTTT,"Unemployment rate (monthly), Total, All persons",STSA,"Level, rate or quantity series, s.a.",M,Monthly,2020-10,Oct-20,PC,Percentage,0,Units,,,8.6,,
TUR,Turkey,LRHUTTTT,"Unemployment rate (monthly), Total, All persons",STSA,"Level, rate or quantity series, s.a.",M,Monthly,2019-10,Oct-19,PC,Percentage,0,Units,,,13.6,,
TUR,Turkey,LRHUTTTT,"Unemployment rate (monthly), Total, All persons",STSA,"Level, rate or quantity series, s.a.",M,Monthly,2019-11,Nov-19,PC,Percentage,0,Units,,,13.2,,
TUR,Turkey,LRHUTTTT,"Unemployment rate (monthly), Total, All persons",STSA,"Level, rate or quantity series, s.a.",M,Monthly,2019-12,Dec-19,PC,Percentage,0,Units,,,13.1,,
TUR,Turkey,LRHUTTTT,"Unemployment rate (monthly), Total, All persons",STSA,"Level, rate or quantity series, s.a.",M,Monthly,2020-01,Jan-20,PC,Percentage,0,Units,,,12.6,,
TUR,Turkey,LRHUTTTT,"Unemployment rate (monthly), Total, All persons",STSA,"Level, rate or quantity series, s.a.",M,Monthly,2020-02,Feb-20,PC,Percentage,0,Units,,,12.6,,
TUR,Turkey,LRHUTTTT,"Unemployment rate (monthly), Total, All persons",STSA,"Level, rate or quantity series, s.a.",M,Monthly,2020-03,Mar-20,PC,Percentage,0,Units,,,12.9,,
TUR,Turkey,LRHUTTTT,"Unemployment rate (monthly), Total, All persons",STSA,"Level, rate or quantity series, s.a.",M,Monthly,2020-04,Apr-20,PC,Percentage,0,Units,,,13.6,,
TUR,Turkey,LRHUTTTT,"Unemployment rate (monthly), Total, All persons",STSA,"Level, rate or quantity series, s.a.",M,Monthly,2020-05,May-20,PC,Percentage,0,Units,,,14,,
TUR,Turkey,LRHUTTTT,"Unemployment rate (monthly), Total, All persons",STSA,"Level, rate or quantity series, s.a.",M,Monthly,2020-06,Jun-20,PC,Percentage,0,Units,,,14.3,,
TUR,Turkey,LRHUTTTT,"Unemployment rate (monthly), Total, All persons",STSA,"Level, rate or quantity series, s.a.",M,Monthly,2020-07,Jul-20,PC,Percentage,0,Units,,,13.8,,
TUR,Turkey,LRHUTTTT,"Unemployment rate (monthly), Total, All persons",STSA,"Level, rate or quantity series, s.a.",M,Monthly,2020-08,Aug-20,PC,Percentage,0,Units,,,13.3,,
GBR,United Kingdom,LRHUTTTT,"Unemployment rate (monthly), Total, All persons",STSA,"Level, rate or quantity series, s.a.",M,Monthly,2019-10,Oct-19,PC,Percentage,0,Units,,,3.7,,
GBR,United Kingdom,LRHUTTTT,"Unemployment rate (monthly), Total, All persons",STSA,"Level, rate or quantity series, s.a.",M,Monthly,2019-11,Nov-19,PC,Percentage,0,Units,,,3.7,,
GBR,United Kingdom,LRHUTTTT,"Unemployment rate (monthly), Total, All persons",STSA,"Level, rate or quantity series, s.a.",M,Monthly,2019-12,Dec-19,PC,Percentage,0,Units,,,3.7,,
GBR,United Kingdom,LRHUTTTT,"Unemployment rate (monthly), Total, All persons",STSA,"Level, rate or quantity series, s.a.",M,Monthly,2020-01,Jan-20,PC,Percentage,0,Units,,,3.9,,
GBR,United Kingdom,LRHUTTTT,"Unemployment rate (monthly), Total, All persons",STSA,"Level, rate or quantity series, s.a.",M,Monthly,2020-02,Feb-20,PC,Percentage,0,Units,,,3.9,,
GBR,United Kingdom,LRHUTTTT,"Unemployment rate (monthly), Total, All persons",STSA,"Level, rate or quantity series, s.a.",M,Monthly,2020-03,Mar-20,PC,Percentage,0,Units,,,3.8,,
GBR,United Kingdom,LRHUTTTT,"Unemployment rate (monthly), Total, All persons",STSA,"Level, rate or quantity series, s.a.",M,Monthly,2020-04,Apr-20,PC,Percentage,0,Units,,,3.7,,
GBR,United Kingdom,LRHUTTTT,"Unemployment rate (monthly), Total, All persons",STSA,"Level, rate or quantity series, s.a.",M,Monthly,2020-05,May-20,PC,Percentage,0,Units,,,3.7,,
GBR,United Kingdom,LRHUTTTT,"Unemployment rate (monthly), Total, All persons",STSA,"Level, rate or quantity series, s.a.",M,Monthly,2020-06,Jun-20,PC,Percentage,0,Units,,,3.9,,
GBR,United Kingdom,LRHUTTTT,"Unemployment rate (monthly), Total, All persons",STSA,"Level, rate or quantity series, s.a.",M,Monthly,2020-07,Jul-20,PC,Percentage,0,Units,,,4.3,,
GBR,United Kingdom,LRHUTTTT,"Unemployment rate (monthly), Total, All persons",STSA,"Level, rate or quantity series, s.a.",M,Monthly,2020-08,Aug-20,PC,Percentage,0,Units,,,4.6,,
USA,United States,LRHUTTTT,"Unemployment rate (monthly), Total, All persons",STSA,"Level, rate or quantity series, s.a.",M,Monthly,2019-10,Oct-19,PC,Percentage,0,Units,,,3.6,,
USA,United States,LRHUTTTT,"Unemployment rate (monthly), Total, All persons",STSA,"Level, rate or quantity series, s.a.",M,Monthly,2019-11,Nov-19,PC,Percentage,0,Units,,,3.5,,
USA,United States,LRHUTTTT,"Unemployment rate (monthly), Total, All persons",STSA,"Level, rate or quantity series, s.a.",M,Monthly,2019-12,Dec-19,PC,Percentage,0,Units,,,3.5,,
USA,United States,LRHUTTTT,"Unemployment rate (monthly), Total, All persons",STSA,"Level, rate or quantity series, s.a.",M,Monthly,2020-01,Jan-20,PC,Percentage,0,Units,,,3.6,,
USA,United States,LRHUTTTT,"Unemployment rate (monthly), Total, All persons",STSA,"Level, rate or quantity series, s.a.",M,Monthly,2020-02,Feb-20,PC,Percentage,0,Units,,,3.5,,
USA,United States,LRHUTTTT,"Unemployment rate (monthly), Total, All persons",STSA,"Level, rate or quantity series, s.a.",M,Monthly,2020-03,Mar-20,PC,Percentage,0,Units,,,4.4,,
USA,United States,LRHUTTTT,"Unemployment rate (monthly), Total, All persons",STSA,"Level, rate or quantity series, s.a.",M,Monthly,2020-04,Apr-20,PC,Percentage,0,Units,,,14.7,,
USA,United States,LRHUTTTT,"Unemployment rate (monthly), Total, All persons",STSA,"Level, rate or quantity series, s.a.",M,Monthly,2020-05,May-20,PC,Percentage,0,Units,,,13.3,,
USA,United States,LRHUTTTT,"Unemployment rate (monthly), Total, All persons",STSA,"Level, rate or quantity series, s.a.",M,Monthly,2020-06,Jun-20,PC,Percentage,0,Units,,,11.1,,
USA,United States,LRHUTTTT,"Unemployment rate (monthly), Total, All persons",STSA,"Level, rate or quantity series, s.a.",M,Monthly,2020-07,Jul-20,PC,Percentage,0,Units,,,10.2,,
USA,United States,LRHUTTTT,"Unemployment rate (monthly), Total, All persons",STSA,"Level, rate or quantity series, s.a.",M,Monthly,2020-08,Aug-20,PC,Percentage,0,Units,,,8.4,,
USA,United States,LRHUTTTT,"Unemployment rate (monthly), Total, All persons",STSA,"Level, rate or quantity series, s.a.",M,Monthly,2020-09,Sep-20,PC,Percentage,0,Units,,,7.9,,
USA,United States,LRHUTTTT,"Unemployment rate (monthly), Total, All persons",STSA,"Level, rate or quantity series, s.a.",M,Monthly,2020-10,Oct-20,PC,Percentage,0,Units,,,6.9,,
USA,United States,LRHUTTTT,"Unemployment rate (monthly), Total, All persons",STSA,"Level, rate or quantity series, s.a.",M,Monthly,2020-11,Nov-20,PC,Percentage,0,Units,,,6.7,,
CHL,Chile,LRHUTTTT,"Unemployment rate (monthly), Total, All persons",STSA,"Level, rate or quantity series, s.a.",M,Monthly,2019-10,Oct-19,PC,Percentage,0,Units,,,7.25996,,
CHL,Chile,LRHUTTTT,"Unemployment rate (monthly), Total, All persons",STSA,"Level, rate or quantity series, s.a.",M,Monthly,2019-11,Nov-19,PC,Percentage,0,Units,,,7.604853,,
CHL,Chile,LRHUTTTT,"Unemployment rate (monthly), Total, All persons",STSA,"Level, rate or quantity series, s.a.",M,Monthly,2019-12,Dec-19,PC,Percentage,0,Units,,,7.848126,,
CHL,Chile,LRHUTTTT,"Unemployment rate (monthly), Total, All persons",STSA,"Level, rate or quantity series, s.a.",M,Monthly,2020-01,Jan-20,PC,Percentage,0,Units,,,8.107676,,
CHL,Chile,LRHUTTTT,"Unemployment rate (monthly), Total, All persons",STSA,"Level, rate or quantity series, s.a.",M,Monthly,2020-02,Feb-20,PC,Percentage,0,Units,,,8.184627,,
CHL,Chile,LRHUTTTT,"Unemployment rate (monthly), Total, All persons",STSA,"Level, rate or quantity series, s.a.",M,Monthly,2020-03,Mar-20,PC,Percentage,0,Units,,,9.063102,,
CHL,Chile,LRHUTTTT,"Unemployment rate (monthly), Total, All persons",STSA,"Level, rate or quantity series, s.a.",M,Monthly,2020-04,Apr-20,PC,Percentage,0,Units,,,10.887,,
CHL,Chile,LRHUTTTT,"Unemployment rate (monthly), Total, All persons",STSA,"Level, rate or quantity series, s.a.",M,Monthly,2020-05,May-20,PC,Percentage,0,Units,,,11.75774,,
CHL,Chile,LRHUTTTT,"Unemployment rate (monthly), Total, All persons",STSA,"Level, rate or quantity series, s.a.",M,Monthly,2020-06,Jun-20,PC,Percentage,0,Units,,,12.32086,,
CHL,Chile,LRHUTTTT,"Unemployment rate (monthly), Total, All persons",STSA,"Level, rate or quantity series, s.a.",M,Monthly,2020-07,Jul-20,PC,Percentage,0,Units,,,12.2765,,
CHL,Chile,LRHUTTTT,"Unemployment rate (monthly), Total, All persons",STSA,"Level, rate or quantity series, s.a.",M,Monthly,2020-08,Aug-20,PC,Percentage,0,Units,,,11.96223,,
CHL,Chile,LRHUTTTT,"Unemployment rate (monthly), Total, All persons",STSA,"Level, rate or quantity series, s.a.",M,Monthly,2020-09,Sep-20,PC,Percentage,0,Units,,,11.52056,,
EST,Estonia,LRHUTTTT,"Unemployment rate (monthly), Total, All persons",STSA,"Level, rate or quantity series, s.a.",M,Monthly,2019-10,Oct-19,PC,Percentage,0,Units,,,4.1,,
EST,Estonia,LRHUTTTT,"Unemployment rate (monthly), Total, All persons",STSA,"Level, rate or quantity series, s.a.",M,Monthly,2019-11,Nov-19,PC,Percentage,0,Units,,,4.3,,
EST,Estonia,LRHUTTTT,"Unemployment rate (monthly), Total, All persons",STSA,"Level, rate or quantity series, s.a.",M,Monthly,2019-12,Dec-19,PC,Percentage,0,Units,,,4.4,,
EST,Estonia,LRHUTTTT,"Unemployment rate (monthly), Total, All persons",STSA,"Level, rate or quantity series, s.a.",M,Monthly,2020-01,Jan-20,PC,Percentage,0,Units,,,4.7,,
EST,Estonia,LRHUTTTT,"Unemployment rate (monthly), Total, All persons",STSA,"Level, rate or quantity series, s.a.",M,Monthly,2020-02,Feb-20,PC,Percentage,0,Units,,,4.7,,
EST,Estonia,LRHUTTTT,"Unemployment rate (monthly), Total, All persons",STSA,"Level, rate or quantity series, s.a.",M,Monthly,2020-03,Mar-20,PC,Percentage,0,Units,,,4.8,,
EST,Estonia,LRHUTTTT,"Unemployment rate (monthly), Total, All persons",STSA,"Level, rate or quantity series, s.a.",M,Monthly,2020-04,Apr-20,PC,Percentage,0,Units,,,6,,
EST,Estonia,LRHUTTTT,"Unemployment rate (monthly), Total, All persons",STSA,"Level, rate or quantity series, s.a.",M,Monthly,2020-05,May-20,PC,Percentage,0,Units,,,7,,
EST,Estonia,LRHUTTTT,"Unemployment rate (monthly), Total, All persons",STSA,"Level, rate or quantity series, s.a.",M,Monthly,2020-06,Jun-20,PC,Percentage,0,Units,,,8,,
EST,Estonia,LRHUTTTT,"Unemployment rate (monthly), Total, All persons",STSA,"Level, rate or quantity series, s.a.",M,Monthly,2020-07,Jul-20,PC,Percentage,0,Units,,,7.8,,
EST,Estonia,LRHUTTTT,"Unemployment rate (monthly), Total, All persons",STSA,"Level, rate or quantity series, s.a.",M,Monthly,2020-08,Aug-20,PC,Percentage,0,Units,,,8,,
EST,Estonia,LRHUTTTT,"Unemployment rate (monthly), Total, All persons",STSA,"Level, rate or quantity series, s.a.",M,Monthly,2020-09,Sep-20,PC,Percentage,0,Units,,,8.1,,
ISR,Israel,LRHUTTTT,"Unemployment rate (monthly), Total, All persons",STSA,"Level, rate or quantity series, s.a.",M,Monthly,2019-10,Oct-19,PC,Percentage,0,Units,,,3.546606,,
ISR,Israel,LRHUTTTT,"Unemployment rate (monthly), Total, All persons",STSA,"Level, rate or quantity series, s.a.",M,Monthly,2019-11,Nov-19,PC,Percentage,0,Units,,,3.94005,,
ISR,Israel,LRHUTTTT,"Unemployment rate (monthly), Total, All persons",STSA,"Level, rate or quantity series, s.a.",M,Monthly,2019-12,Dec-19,PC,Percentage,0,Units,,,3.577657,,
ISR,Israel,LRHUTTTT,"Unemployment rate (monthly), Total, All persons",STSA,"Level, rate or quantity series, s.a.",M,Monthly,2020-01,Jan-20,PC,Percentage,0,Units,,,3.633471,,
ISR,Israel,LRHUTTTT,"Unemployment rate (monthly), Total, All persons",STSA,"Level, rate or quantity series, s.a.",M,Monthly,2020-02,Feb-20,PC,Percentage,0,Units,,,3.444988,,
ISR,Israel,LRHUTTTT,"Unemployment rate (monthly), Total, All persons",STSA,"Level, rate or quantity series, s.a.",M,Monthly,2020-03,Mar-20,PC,Percentage,0,Units,,,3.631648,,
ISR,Israel,LRHUTTTT,"Unemployment rate (monthly), Total, All persons",STSA,"Level, rate or quantity series, s.a.",M,Monthly,2020-04,Apr-20,PC,Percentage,0,Units,,,3.674165,,
ISR,Israel,LRHUTTTT,"Unemployment rate (monthly), Total, All persons",STSA,"Level, rate or quantity series, s.a.",M,Monthly,2020-05,May-20,PC,Percentage,0,Units,,,4.26038,,
ISR,Israel,LRHUTTTT,"Unemployment rate (monthly), Total, All persons",STSA,"Level, rate or quantity series, s.a.",M,Monthly,2020-06,Jun-20,PC,Percentage,0,Units,,,4.606806,,
ISR,Israel,LRHUTTTT,"Unemployment rate (monthly), Total, All persons",STSA,"Level, rate or quantity series, s.a.",M,Monthly,2020-07,Jul-20,PC,Percentage,0,Units,,,4.661764,,
ISR,Israel,LRHUTTTT,"Unemployment rate (monthly), Total, All persons",STSA,"Level, rate or quantity series, s.a.",M,Monthly,2020-08,Aug-20,PC,Percentage,0,Units,,,4.856947,,
ISR,Israel,LRHUTTTT,"Unemployment rate (monthly), Total, All persons",STSA,"Level, rate or quantity series, s.a.",M,Monthly,2020-09,Sep-20,PC,Percentage,0,Units,,,4.616859,,
ISR,Israel,LRHUTTTT,"Unemployment rate (monthly), Total, All persons",STSA,"Level, rate or quantity series, s.a.",M,Monthly,2020-10,Oct-20,PC,Percentage,0,Units,,,4.6901,,
ISR,Israel,LRHUTTTT,"Unemployment rate (monthly), Total, All persons",STSA,"Level, rate or quantity series, s.a.",M,Monthly,2020-11,Nov-20,PC,Percentage,0,Units,,,4.764874,,
SVN,Slovenia,LRHUTTTT,"Unemployment rate (monthly), Total, All persons",STSA,"Level, rate or quantity series, s.a.",M,Monthly,2019-10,Oct-19,PC,Percentage,0,Units,,,4.4,,
SVN,Slovenia,LRHUTTTT,"Unemployment rate (monthly), Total, All persons",STSA,"Level, rate or quantity series, s.a.",M,Monthly,2019-11,Nov-19,PC,Percentage,0,Units,,,4.1,,
SVN,Slovenia,LRHUTTTT,"Unemployment rate (monthly), Total, All persons",STSA,"Level, rate or quantity series, s.a.",M,Monthly,2019-12,Dec-19,PC,Percentage,0,Units,,,3.8,,
SVN,Slovenia,LRHUTTTT,"Unemployment rate (monthly), Total, All persons",STSA,"Level, rate or quantity series, s.a.",M,Monthly,2020-01,Jan-20,PC,Percentage,0,Units,,,4.1,,
SVN,Slovenia,LRHUTTTT,"Unemployment rate (monthly), Total, All persons",STSA,"Level, rate or quantity series, s.a.",M,Monthly,2020-02,Feb-20,PC,Percentage,0,Units,,,4.2,,
SVN,Slovenia,LRHUTTTT,"Unemployment rate (monthly), Total, All persons",STSA,"Level, rate or quantity series, s.a.",M,Monthly,2020-03,Mar-20,PC,Percentage,0,Units,,,4.5,,
SVN,Slovenia,LRHUTTTT,"Unemployment rate (monthly), Total, All persons",STSA,"Level, rate or quantity series, s.a.",M,Monthly,2020-04,Apr-20,PC,Percentage,0,Units,,,5.4,,
SVN,Slovenia,LRHUTTTT,"Unemployment rate (monthly), Total, All persons",STSA,"Level, rate or quantity series, s.a.",M,Monthly,2020-05,May-20,PC,Percentage,0,Units,,,5.5,,
SVN,Slovenia,LRHUTTTT,"Unemployment rate (monthly), Total, All persons",STSA,"Level, rate or quantity series, s.a.",M,Monthly,2020-06,Jun-20,PC,Percentage,0,Units,,,5.3,,
SVN,Slovenia,LRHUTTTT,"Unemployment rate (monthly), Total, All persons",STSA,"Level, rate or quantity series, s.a.",M,Monthly,2020-07,Jul-20,PC,Percentage,0,Units,,,4.8,,
SVN,Slovenia,LRHUTTTT,"Unemployment rate (monthly), Total, All persons",STSA,"Level, rate or quantity series, s.a.",M,Monthly,2020-08,Aug-20,PC,Percentage,0,Units,,,4.7,,
SVN,Slovenia,LRHUTTTT,"Unemployment rate (monthly), Total, All persons",STSA,"Level, rate or quantity series, s.a.",M,Monthly,2020-09,Sep-20,PC,Percentage,0,Units,,,4.7,,
SVN,Slovenia,LRHUTTTT,"Unemployment rate (monthly), Total, All persons",STSA,"Level, rate or quantity series, s.a.",M,Monthly,2020-10,Oct-20,PC,Percentage,0,Units,,,4.9,,
G-7,G7,LRHUTTTT,"Unemployment rate (monthly), Total, All persons",STSA,"Level, rate or quantity series, s.a.",M,Monthly,2019-10,Oct-19,PC,Percentage,0,Units,,,4.169076,E,Estimated value
G-7,G7,LRHUTTTT,"Unemployment rate (monthly), Total, All persons",STSA,"Level, rate or quantity series, s.a.",M,Monthly,2019-11,Nov-19,PC,Percentage,0,Units,,,4.154227,E,Estimated value
G-7,G7,LRHUTTTT,"Unemployment rate (monthly), Total, All persons",STSA,"Level, rate or quantity series, s.a.",M,Monthly,2019-12,Dec-19,PC,Percentage,0,Units,,,4.135467,E,Estimated value
G-7,G7,LRHUTTTT,"Unemployment rate (monthly), Total, All persons",STSA,"Level, rate or quantity series, s.a.",M,Monthly,2020-01,Jan-20,PC,Percentage,0,Units,,,4.188101,E,Estimated value
G-7,G7,LRHUTTTT,"Unemployment rate (monthly), Total, All persons",STSA,"Level, rate or quantity series, s.a.",M,Monthly,2020-02,Feb-20,PC,Percentage,0,Units,,,4.162117,E,Estimated value
G-7,G7,LRHUTTTT,"Unemployment rate (monthly), Total, All persons",STSA,"Level, rate or quantity series, s.a.",M,Monthly,2020-03,Mar-20,PC,Percentage,0,Units,,,4.652221,E,Estimated value
G-7,G7,LRHUTTTT,"Unemployment rate (monthly), Total, All persons",STSA,"Level, rate or quantity series, s.a.",M,Monthly,2020-04,Apr-20,PC,Percentage,0,Units,,,9.130074,E,Estimated value
G-7,G7,LRHUTTTT,"Unemployment rate (monthly), Total, All persons",STSA,"Level, rate or quantity series, s.a.",M,Monthly,2020-05,May-20,PC,Percentage,0,Units,,,8.724729,E,Estimated value
G-7,G7,LRHUTTTT,"Unemployment rate (monthly), Total, All persons",STSA,"Level, rate or quantity series, s.a.",M,Monthly,2020-06,Jun-20,PC,Percentage,0,Units,,,7.81353,E,Estimated value
G-7,G7,LRHUTTTT,"Unemployment rate (monthly), Total, All persons",STSA,"Level, rate or quantity series, s.a.",M,Monthly,2020-07,Jul-20,PC,Percentage,0,Units,,,7.648885,E,Estimated value
G-7,G7,LRHUTTTT,"Unemployment rate (monthly), Total, All persons",STSA,"Level, rate or quantity series, s.a.",M,Monthly,2020-08,Aug-20,PC,Percentage,0,Units,,,6.887187,E,Estimated value
G-7,G7,LRHUTTTT,"Unemployment rate (monthly), Total, All persons",STSA,"Level, rate or quantity series, s.a.",M,Monthly,2020-09,Sep-20,PC,Percentage,0,Units,,,6.568295,E,Estimated value
G-7,G7,LRHUTTTT,"Unemployment rate (monthly), Total, All persons",STSA,"Level, rate or quantity series, s.a.",M,Monthly,2020-10,Oct-20,PC,Percentage,0,Units,,,6.161926,E,Estimated value
OECD,OECD - Total,LRHUTTTT,"Unemployment rate (monthly), Total, All persons",STSA,"Level, rate or quantity series, s.a.",M,Monthly,2019-10,Oct-19,PC,Percentage,0,Units,,,5.306212,E,Estimated value
OECD,OECD - Total,LRHUTTTT,"Unemployment rate (monthly), Total, All persons",STSA,"Level, rate or quantity series, s.a.",M,Monthly,2019-11,Nov-19,PC,Percentage,0,Units,,,5.279106,E,Estimated value
OECD,OECD - Total,LRHUTTTT,"Unemployment rate (monthly), Total, All persons",STSA,"Level, rate or quantity series, s.a.",M,Monthly,2019-12,Dec-19,PC,Percentage,0,Units,,,5.205516,E,Estimated value
OECD,OECD - Total,LRHUTTTT,"Unemployment rate (monthly), Total, All persons",STSA,"Level, rate or quantity series, s.a.",M,Monthly,2020-01,Jan-20,PC,Percentage,0,Units,,,5.267432,E,Estimated value
OECD,OECD - Total,LRHUTTTT,"Unemployment rate (monthly), Total, All persons",STSA,"Level, rate or quantity series, s.a.",M,Monthly,2020-02,Feb-20,PC,Percentage,0,Units,,,5.211496,E,Estimated value
OECD,OECD - Total,LRHUTTTT,"Unemployment rate (monthly), Total, All persons",STSA,"Level, rate or quantity series, s.a.",M,Monthly,2020-03,Mar-20,PC,Percentage,0,Units,,,5.589263,E,Estimated value
OECD,OECD - Total,LRHUTTTT,"Unemployment rate (monthly), Total, All persons",STSA,"Level, rate or quantity series, s.a.",M,Monthly,2020-04,Apr-20,PC,Percentage,0,Units,,,8.748667,E,Estimated value
OECD,OECD - Total,LRHUTTTT,"Unemployment rate (monthly), Total, All persons",STSA,"Level, rate or quantity series, s.a.",M,Monthly,2020-05,May-20,PC,Percentage,0,Units,,,8.679399,E,Estimated value
OECD,OECD - Total,LRHUTTTT,"Unemployment rate (monthly), Total, All persons",STSA,"Level, rate or quantity series, s.a.",M,Monthly,2020-06,Jun-20,PC,Percentage,0,Units,,,8.281524,E,Estimated value
OECD,OECD - Total,LRHUTTTT,"Unemployment rate (monthly), Total, All persons",STSA,"Level, rate or quantity series, s.a.",M,Monthly,2020-07,Jul-20,PC,Percentage,0,Units,,,8.146644,E,Estimated value
OECD,OECD - Total,LRHUTTTT,"Unemployment rate (monthly), Total, All persons",STSA,"Level, rate or quantity series, s.a.",M,Monthly,2020-08,Aug-20,PC,Percentage,0,Units,,,7.520464,E,Estimated value
OECD,OECD - Total,LRHUTTTT,"Unemployment rate (monthly), Total, All persons",STSA,"Level, rate or quantity series, s.a.",M,Monthly,2020-09,Sep-20,PC,Percentage,0,Units,,,7.304771,E,Estimated value
OECD,OECD - Total,LRHUTTTT,"Unemployment rate (monthly), Total, All persons",STSA,"Level, rate or quantity series, s.a.",M,Monthly,2020-10,Oct-20,PC,Percentage,0,Units,,,7.056945,E,Estimated value
EA19,Euro area (19 countries),LRHUTTTT,"Unemployment rate (monthly), Total, All persons",STSA,"Level, rate or quantity series, s.a.",M,Monthly,2019-10,Oct-19,PC,Percentage,0,Units,,,7.4,,
EA19,Euro area (19 countries),LRHUTTTT,"Unemployment rate (monthly), Total, All persons",STSA,"Level, rate or quantity series, s.a.",M,Monthly,2019-11,Nov-19,PC,Percentage,0,Units,,,7.4,,
EA19,Euro area (19 countries),LRHUTTTT,"Unemployment rate (monthly), Total, All persons",STSA,"Level, rate or quantity series, s.a.",M,Monthly,2019-12,Dec-19,PC,Percentage,0,Units,,,7.4,,
EA19,Euro area (19 countries),LRHUTTTT,"Unemployment rate (monthly), Total, All persons",STSA,"Level, rate or quantity series, s.a.",M,Monthly,2020-01,Jan-20,PC,Percentage,0,Units,,,7.3,,
EA19,Euro area (19 countries),LRHUTTTT,"Unemployment rate (monthly), Total, All persons",STSA,"Level, rate or quantity series, s.a.",M,Monthly,2020-02,Feb-20,PC,Percentage,0,Units,,,7.2,,
EA19,Euro area (19 countries),LRHUTTTT,"Unemployment rate (monthly), Total, All persons",STSA,"Level, rate or quantity series, s.a.",M,Monthly,2020-03,Mar-20,PC,Percentage,0,Units,,,7.4,,
EA19,Euro area (19 countries),LRHUTTTT,"Unemployment rate (monthly), Total, All persons",STSA,"Level, rate or quantity series, s.a.",M,Monthly,2020-04,Apr-20,PC,Percentage,0,Units,,,7.2,,
EA19,Euro area (19 countries),LRHUTTTT,"Unemployment rate (monthly), Total, All persons",STSA,"Level, rate or quantity series, s.a.",M,Monthly,2020-05,May-20,PC,Percentage,0,Units,,,7.7,,
EA19,Euro area (19 countries),LRHUTTTT,"Unemployment rate (monthly), Total, All persons",STSA,"Level, rate or quantity series, s.a.",M,Monthly,2020-06,Jun-20,PC,Percentage,0,Units,,,7.9,,
EA19,Euro area (19 countries),LRHUTTTT,"Unemployment rate (monthly), Total, All persons",STSA,"Level, rate or quantity series, s.a.",M,Monthly,2020-07,Jul-20,PC,Percentage,0,Units,,,8.7,,
EA19,Euro area (19 countries),LRHUTTTT,"Unemployment rate (monthly), Total, All persons",STSA,"Level, rate or quantity series, s.a.",M,Monthly,2020-08,Aug-20,PC,Percentage,0,Units,,,8.6,,
EA19,Euro area (19 countries),LRHUTTTT,"Unemployment rate (monthly), Total, All persons",STSA,"Level, rate or quantity series, s.a.",M,Monthly,2020-09,Sep-20,PC,Percentage,0,Units,,,8.5,,
EA19,Euro area (19 countries),LRHUTTTT,"Unemployment rate (monthly), Total, All persons",STSA,"Level, rate or quantity series, s.a.",M,Monthly,2020-10,Oct-20,PC,Percentage,0,Units,,,8.4,,
LVA,Latvia,LRHUTTTT,"Unemployment rate (monthly), Total, All persons",STSA,"Level, rate or quantity series, s.a.",M,Monthly,2019-10,Oct-19,PC,Percentage,0,Units,,,5.8,,
LVA,Latvia,LRHUTTTT,"Unemployment rate (monthly), Total, All persons",STSA,"Level, rate or quantity series, s.a.",M,Monthly,2019-11,Nov-19,PC,Percentage,0,Units,,,6,,
LVA,Latvia,LRHUTTTT,"Unemployment rate (monthly), Total, All persons",STSA,"Level, rate or quantity series, s.a.",M,Monthly,2019-12,Dec-19,PC,Percentage,0,Units,,,6.6,,
LVA,Latvia,LRHUTTTT,"Unemployment rate (monthly), Total, All persons",STSA,"Level, rate or quantity series, s.a.",M,Monthly,2020-01,Jan-20,PC,Percentage,0,Units,,,7,,
LVA,Latvia,LRHUTTTT,"Unemployment rate (monthly), Total, All persons",STSA,"Level, rate or quantity series, s.a.",M,Monthly,2020-02,Feb-20,PC,Percentage,0,Units,,,7,,
LVA,Latvia,LRHUTTTT,"Unemployment rate (monthly), Total, All persons",STSA,"Level, rate or quantity series, s.a.",M,Monthly,2020-03,Mar-20,PC,Percentage,0,Units,,,7.3,,
LVA,Latvia,LRHUTTTT,"Unemployment rate (monthly), Total, All persons",STSA,"Level, rate or quantity series, s.a.",M,Monthly,2020-04,Apr-20,PC,Percentage,0,Units,,,8.2,,
LVA,Latvia,LRHUTTTT,"Unemployment rate (monthly), Total, All persons",STSA,"Level, rate or quantity series, s.a.",M,Monthly,2020-05,May-20,PC,Percentage,0,Units,,,8.6,,
LVA,Latvia,LRHUTTTT,"Unemployment rate (monthly), Total, All persons",STSA,"Level, rate or quantity series, s.a.",M,Monthly,2020-06,Jun-20,PC,Percentage,0,Units,,,8.8,,
LVA,Latvia,LRHUTTTT,"Unemployment rate (monthly), Total, All persons",STSA,"Level, rate or quantity series, s.a.",M,Monthly,2020-07,Jul-20,PC,Percentage,0,Units,,,8.8,,
LVA,Latvia,LRHUTTTT,"Unemployment rate (monthly), Total, All persons",STSA,"Level, rate or quantity series, s.a.",M,Monthly,2020-08,Aug-20,PC,Percentage,0,Units,,,8.5,,
LVA,Latvia,LRHUTTTT,"Unemployment rate (monthly), Total, All persons",STSA,"Level, rate or quantity series, s.a.",M,Monthly,2020-09,Sep-20,PC,Percentage,0,Units,,,8.2,,
LVA,Latvia,LRHUTTTT,"Unemployment rate (monthly), Total, All persons",STSA,"Level, rate or quantity series, s.a.",M,Monthly,2020-10,Oct-20,PC,Percentage,0,Units,,,8,,
LTU,Lithuania,LRHUTTTT,"Unemployment rate (monthly), Total, All persons",STSA,"Level, rate or quantity series, s.a.",M,Monthly,2019-10,Oct-19,PC,Percentage,0,Units,,,6.4,,
LTU,Lithuania,LRHUTTTT,"Unemployment rate (monthly), Total, All persons",STSA,"Level, rate or quantity series, s.a.",M,Monthly,2019-11,Nov-19,PC,Percentage,0,Units,,,6.5,,
LTU,Lithuania,LRHUTTTT,"Unemployment rate (monthly), Total, All persons",STSA,"Level, rate or quantity series, s.a.",M,Monthly,2019-12,Dec-19,PC,Percentage,0,Units,,,6.4,,
LTU,Lithuania,LRHUTTTT,"Unemployment rate (monthly), Total, All persons",STSA,"Level, rate or quantity series, s.a.",M,Monthly,2020-01,Jan-20,PC,Percentage,0,Units,,,6.1,,
LTU,Lithuania,LRHUTTTT,"Unemployment rate (monthly), Total, All persons",STSA,"Level, rate or quantity series, s.a.",M,Monthly,2020-02,Feb-20,PC,Percentage,0,Units,,,6.3,,
LTU,Lithuania,LRHUTTTT,"Unemployment rate (monthly), Total, All persons",STSA,"Level, rate or quantity series, s.a.",M,Monthly,2020-03,Mar-20,PC,Percentage,0,Units,,,6.6,,
LTU,Lithuania,LRHUTTTT,"Unemployment rate (monthly), Total, All persons",STSA,"Level, rate or quantity series, s.a.",M,Monthly,2020-04,Apr-20,PC,Percentage,0,Units,,,7.8,,
LTU,Lithuania,LRHUTTTT,"Unemployment rate (monthly), Total, All persons",STSA,"Level, rate or quantity series, s.a.",M,Monthly,2020-05,May-20,PC,Percentage,0,Units,,,8.5,,
LTU,Lithuania,LRHUTTTT,"Unemployment rate (monthly), Total, All persons",STSA,"Level, rate or quantity series, s.a.",M,Monthly,2020-06,Jun-20,PC,Percentage,0,Units,,,8.8,,
LTU,Lithuania,LRHUTTTT,"Unemployment rate (monthly), Total, All persons",STSA,"Level, rate or quantity series, s.a.",M,Monthly,2020-07,Jul-20,PC,Percentage,0,Units,,,9.6,,
LTU,Lithuania,LRHUTTTT,"Unemployment rate (monthly), Total, All persons",STSA,"Level, rate or quantity series, s.a.",M,Monthly,2020-08,Aug-20,PC,Percentage,0,Units,,,10.2,,
LTU,Lithuania,LRHUTTTT,"Unemployment rate (monthly), Total, All persons",STSA,"Level, rate or quantity series, s.a.",M,Monthly,2020-09,Sep-20,PC,Percentage,0,Units,,,10.5,,
LTU,Lithuania,LRHUTTTT,"Unemployment rate (monthly), Total, All persons",STSA,"Level, rate or quantity series, s.a.",M,Monthly,2020-10,Oct-20,PC,Percentage,0,Units,,,10.4,,
EU27_2020,European Union – 27 countries (from 01/02/2020),LRHUTTTT,"Unemployment rate (monthly), Total, All persons",STSA,"Level, rate or quantity series, s.a.",M,Monthly,2019-10,Oct-19,PC,Percentage,0,Units,,,6.6,,
EU27_2020,European Union – 27 countries (from 01/02/2020),LRHUTTTT,"Unemployment rate (monthly), Total, All persons",STSA,"Level, rate or quantity series, s.a.",M,Monthly,2019-11,Nov-19,PC,Percentage,0,Units,,,6.6,,
EU27_2020,European Union – 27 countries (from 01/02/2020),LRHUTTTT,"Unemployment rate (monthly), Total, All persons",STSA,"Level, rate or quantity series, s.a.",M,Monthly,2019-12,Dec-19,PC,Percentage,0,Units,,,6.5,,
EU27_2020,European Union – 27 countries (from 01/02/2020),LRHUTTTT,"Unemployment rate (monthly), Total, All persons",STSA,"Level, rate or quantity series, s.a.",M,Monthly,2020-01,Jan-20,PC,Percentage,0,Units,,,6.5,,
EU27_2020,European Union – 27 countries (from 01/02/2020),LRHUTTTT,"Unemployment rate (monthly), Total, All persons",STSA,"Level, rate or quantity series, s.a.",M,Monthly,2020-02,Feb-20,PC,Percentage,0,Units,,,6.5,,
EU27_2020,European Union – 27 countries (from 01/02/2020),LRHUTTTT,"Unemployment rate (monthly), Total, All persons",STSA,"Level, rate or quantity series, s.a.",M,Monthly,2020-03,Mar-20,PC,Percentage,0,Units,,,6.6,,
EU27_2020,European Union – 27 countries (from 01/02/2020),LRHUTTTT,"Unemployment rate (monthly), Total, All persons",STSA,"Level, rate or quantity series, s.a.",M,Monthly,2020-04,Apr-20,PC,Percentage,0,Units,,,6.6,,
EU27_2020,European Union – 27 countries (from 01/02/2020),LRHUTTTT,"Unemployment rate (monthly), Total, All persons",STSA,"Level, rate or quantity series, s.a.",M,Monthly,2020-05,May-20,PC,Percentage,0,Units,,,7,,
EU27_2020,European Union – 27 countries (from 01/02/2020),LRHUTTTT,"Unemployment rate (monthly), Total, All persons",STSA,"Level, rate or quantity series, s.a.",M,Monthly,2020-06,Jun-20,PC,Percentage,0,Units,,,7.2,,
EU27_2020,European Union – 27 countries (from 01/02/2020),LRHUTTTT,"Unemployment rate (monthly), Total, All persons",STSA,"Level, rate or quantity series, s.a.",M,Monthly,2020-07,Jul-20,PC,Percentage,0,Units,,,7.8,,
EU27_2020,European Union – 27 countries (from 01/02/2020),LRHUTTTT,"Unemployment rate (monthly), Total, All persons",STSA,"Level, rate or quantity series, s.a.",M,Monthly,2020-08,Aug-20,PC,Percentage,0,Units,,,7.7,,
EU27_2020,European Union – 27 countries (from 01/02/2020),LRHUTTTT,"Unemployment rate (monthly), Total, All persons",STSA,"Level, rate or quantity series, s.a.",M,Monthly,2020-09,Sep-20,PC,Percentage,0,Units,,,7.6,,
EU27_2020,European Union – 27 countries (from 01/02/2020),LRHUTTTT,"Unemployment rate (monthly), Total, All persons",STSA,"Level, rate or quantity series, s.a.",M,Monthly,2020-10,Oct-20,PC,Percentage,0,Units,,,7.6,,
COL,Colombia,LRHUTTTT,"Unemployment rate (monthly), Total, All persons",STSA,"Level, rate or quantity series, s.a.",M,Monthly,2019-10,Oct-19,PC,Percentage,0,Units,,,10.97716,,
COL,Colombia,LRHUTTTT,"Unemployment rate (monthly), Total, All persons",STSA,"Level, rate or quantity series, s.a.",M,Monthly,2019-11,Nov-19,PC,Percentage,0,Units,,,10.82743,,
COL,Colombia,LRHUTTTT,"Unemployment rate (monthly), Total, All persons",STSA,"Level, rate or quantity series, s.a.",M,Monthly,2019-12,Dec-19,PC,Percentage,0,Units,,,10.31656,,
COL,Colombia,LRHUTTTT,"Unemployment rate (monthly), Total, All persons",STSA,"Level, rate or quantity series, s.a.",M,Monthly,2020-01,Jan-20,PC,Percentage,0,Units,,,10.6192,,
COL,Colombia,LRHUTTTT,"Unemployment rate (monthly), Total, All persons",STSA,"Level, rate or quantity series, s.a.",M,Monthly,2020-02,Feb-20,PC,Percentage,0,Units,,,10.8505,,
COL,Colombia,LRHUTTTT,"Unemployment rate (monthly), Total, All persons",STSA,"Level, rate or quantity series, s.a.",M,Monthly,2020-03,Mar-20,PC,Percentage,0,Units,,,12.17435,,
COL,Colombia,LRHUTTTT,"Unemployment rate (monthly), Total, All persons",STSA,"Level, rate or quantity series, s.a.",M,Monthly,2020-04,Apr-20,PC,Percentage,0,Units,,,20.2632,,
COL,Colombia,LRHUTTTT,"Unemployment rate (monthly), Total, All persons",STSA,"Level, rate or quantity series, s.a.",M,Monthly,2020-05,May-20,PC,Percentage,0,Units,,,21.11611,,
COL,Colombia,LRHUTTTT,"Unemployment rate (monthly), Total, All persons",STSA,"Level, rate or quantity series, s.a.",M,Monthly,2020-06,Jun-20,PC,Percentage,0,Units,,,20.59773,,
COL,Colombia,LRHUTTTT,"Unemployment rate (monthly), Total, All persons",STSA,"Level, rate or quantity series, s.a.",M,Monthly,2020-07,Jul-20,PC,Percentage,0,Units,,,19.62779,,
COL,Colombia,LRHUTTTT,"Unemployment rate (monthly), Total, All persons",STSA,"Level, rate or quantity series, s.a.",M,Monthly,2020-08,Aug-20,PC,Percentage,0,Units,,,17.06232,,
COL,Colombia,LRHUTTTT,"Unemployment rate (monthly), Total, All persons",STSA,"Level, rate or quantity series, s.a.",M,Monthly,2020-09,Sep-20,PC,Percentage,0,Units,,,16.48711,,
COL,Colombia,LRHUTTTT,"Unemployment rate (monthly), Total, All persons",STSA,"Level, rate or quantity series, s.a.",M,Monthly,2020-10,Oct-20,PC,Percentage,0,Units,,,16.25519,,
COL,Colombia,LRHUTTTT,"Unemployment rate (monthly), Total, All persons",STSA,"Level, rate or quantity series, s.a.",M,Monthly,2020-11,Nov-20,PC,Percentage,0,Units,,,15.51646,,
