state_abbreviation,state,status,date_details,restriction_start,restriction_end,status_details,external_link,opened_food_and_drink,closed_houses_of_worship,closed_food_and_drink,opened_retail,opened_outdoor_and_recreation,closed_outdoor_and_recreation,closed_entertainment,opened_industries,opened_entertainment,opened_personal_care,opened_houses_of_worship,population
AK,Alaska,all,,,,"Gov. Mike Dunleavy, a Republican, extended the state’s emergency declaration while health experts urged him to take more drastic measures, such as issuing a mask mandate. In November, Mr. Dunleavy issued several health orders, including one allowing local communities to restrict intrastate travel.",https://covid19.alaska.gov/health-mandates/,Restaurant dining; bars,,,Retail stores,Gyms; pools,,,,Libraries; theaters; bowling alleys; museums,"Hair salons, barbershops, nail salons, etc.",True,731545
AL,Alabama,all,,,,"In December, Gov. Kay Ivey, a Republican, extended the state’s Safer at Home order, which she had previously adjusted to permit more patrons at restaurants where partitions and masks were in use.",https://governor.alabama.gov/assets/2020/11/GKI-2020-Health-Order-Update-Dec-11-Horizontal.pdf,"Restaurant dining, bars and breweries",,,Retail stores,Beaches; gyms,,,,Entertainment venues,Salons,True,4903185
AR,Arkansas,all,,,,"Gov. Asa Hutchinson, a Republican, opted for a targeted shutdown of certain business sectors rather than a stay-at-home order, but in November, he announced that any bars, restaurants or other businesses serving alcohol on the premises must close by 11 p.m. Just before Christmas, the state health department tightened restrictions on visits to long-term care facilities and announced that starting in January there would be new restrictions on gatherings at indoor entertainment venues.",https://www.healthy.arkansas.gov/programs-services/topics/novel-coronavirus,Restaurant dining; bars,,,Retail,Campgrounds; gyms; pools,,,,"Theaters, stadiums, museums, bowling alleys; casinos; large venues","Hair salons, barbershops, nail salons, etc.",True,3017804
AZ,Arizona,all,,,,"Masks are mandated for certain businesses, and Gov. Doug Ducey, a Republican, has required counties facing higher virus rates to close indoor gyms, movie theaters, bars and clubs. By late December, every county had reached that transmission-rate threshold.",https://www.azdhs.gov/preparedness/epidemiology-disease-control/infectious-disease-epidemiology/index.php#novel-coronavirus-surge-testing,Restaurant dining,,Bars and nightclubs,Retail stores,"Pools, spas",Gyms; waterparks,Movie theaters,,Casinos,"Barbershops, salons, etc.",True,7278717
CA,California,all,,,,"In December, Gov. Gavin Newsom, a Democrat, announced that he would institute stay-at-home orders in any region where the available beds in intensive care units dropped below 15 percent. By mid-September four of the state's five regions were under a stay at home order, covering more than 98 percent of the state's population.",https://covid19.ca.gov/safer-economy/,Outdoor dining in some counties,True,Restaurant dining; bars,Retail,,Gyms,"Movie theaters; amusement parks; museums, zoos and aquariums indoors","Movie, television and music production",,Hair salons and barbershops in some counties; personal care services in some counties,,39512223
CO,Colorado,all,,,,"Gov. Jared Polis, a Democrat, established a “dial” system for shutting down and reopening the state’s various counties and regions. In the new year, every county had reached low enough transmission rates to reopen indoor dining, but bars remained closed statewide.",https://covid19.colorado.gov/data/covid-19-dial/covid-19-dial-dashboard,Restaurant dining,,Bars,Retail stores,"Campgrounds; pools, playgrounds",,,Offices; manufacturing,"Museums, indoor events; fairs, rodeos, concerts, outdoor events; libraries",Salons and personal services,True,5758736
CT,Connecticut,all,,,,"Gov. Ned Lamont, a Democrat, moved the state back from Phase 3 to what he’s described as Phase 2.1. The change has mostly affected capacity limits, but also shut down restaurants that serve alcohol for in-person dining after 9:30 p.m., a move that was intended to crack down on restaurants that were functioning more like bars, Mr. Lamont said.",https://portal.ct.gov/Coronavirus,Restaurant dining,,Bars,"Retail stores, malls",Beaches; gyms; state campgrounds,,,Offices,"Museums, zoos; casinos; movie theaters; libraries; amusement parks, bowling alleys; indoor performance venues","Hair salons, barbershops; nail salons; tattoo parlors, spas",True,3565287
DC,District of Columbia,all,,,,"Washington, D.C., has relied on an aggressive testing program and a mask mandate to try to keep the virus in check. Ahead of Christmas, Mayor Muriel Bowser placed a pause on a number of activities, including indoor dining, museums, and libraries.",https://coronavirus.dc.gov/phasetwo,,,Indoor dining,Retail stores,"Dog parks, golf courses, tennis courts, parks; gyms; pools",,"Nightclubs; museums, libraries",,,"Barbershops, hair salons; nail salons, waxing salons, spas",True,705749
DE,Delaware,all,,,,"After a summer spike in cases, Gov. John Carney, a Democrat, closed bars in the beach counties where the outbreaks originated. In December, Mr. Carney announced a stay-at-home advisory and additional capacity restrictions starting Dec. 14, and strengthened the state's mask mandate to apply not only to public settings, but also to any private indoor gathering with people from more than one household.",https://coronavirus.delaware.gov/,Farmers markets; restaurants; bars,,,Retail stores; malls,Beaches; pools; gyms; campgrounds,,,,"Museums, libraries, galleries, live performances; casinos","Barber shops, hair salons, tanning salons; nail salons, tattoo parlors, massage therapy",True,973764
FL,Florida,all,,,,"Gov. Ron DeSantis, a Republican, has limited the rights of local governments to enforce restrictions tighter than the state's, and has touted his role in keeping businesses such as bars and restaurants open.",https://floridahealthcovid19.gov/news/,Restaurant dining; bars,,,Retail stores,"Beaches, trails; gyms",,,,"Museums, libraries; movie theaters, concert halls, bowling alleys; sporting venues","Salons; tattoo parlors, massage therapy, tanning salons, acupuncture",True,21477737
GA,Georgia,all,,,,"Gov. Brian Kemp, a Republican, was one of the first governors to reopen his state. He also pushed back on local mask mandates but has since backtracked, allowing places like Atlanta to implement mask mandates. Mr. Kemp has continued extending the state’s public health emergency and a shelter-in-place order for some medically vulnerable populations.",https://dph.georgia.gov/health-topics/coronavirus-covid-19,Restaurant dining,,,Retail,Gyms,,,,"Bowling alleys; theaters, private social clubs; large venues; bars, nightclubs","Hair salons, barbershops, etc.",True,10617423
HI,Hawaii,all,,,,"In advance of Christmas, Gov. David Ige, a Democrat, reduced the quarantine requirement from 14 days to 10 for people traveling to the state or moving between islands, bringing it in line with updated recommendations from the Centers for Disease Control and Prevention.",https://hawaiicovid19.com/,Bars in some areas; restaurant dining,,,Retail,State parks in some areas; campgrounds in some areas; gyms; pools and waterparks; beaches and parks,,,Construction in some areas; offices in some areas,Theaters; arcades in some areas; bowling alleys,Pet groomers; tattoo parlors in some areas; salons and barbershops; nail salons,True,1415872
IA,Iowa,all,,,,"Gov. Kim Reynolds, a Republican, issued a new order in mid-December removing limits on the number of people allowed to gather and allowing bar and restaurants to resume their normal business hours. Masks must still be worn in indoor public spaces.",https://governor.iowa.gov/press-release/gov-reynolds-signs-new-proclamation-continuing-state-public-health-emergency-10,Restaurant dining; bars,,,"Retail stores, malls","Campgrounds; gyms; pools; playgrounds, skating rinks, skate parks",,,,"Libraries; movie theaters; museums, zoos, aquariums; casinos; outdoor venues; bowling alleys, amusement parks; indoor venues","Medical spas, tanning salons; salons, barbershops, tattoo parlors, etc.",True,3155070
ID,Idaho,all,,,,"After months spent in the least-restrictive phase of the state's reopening plan, Gov. Brad Little, a Republican, reimposed restrictions by autumn. Bars and restaurants remain open, and nightclubs can operate as bars, where everyone must be seated. Without a statewide mask mandate, local governments determine whether to require masks.",https://rebound.idaho.gov/,Restaurant dining; bars,,,Retail,Gyms; pools and water parks,,Nightclubs,,Movie theaters; large venues,Hair salons,True,1787065
IL,Illinois,all,,,,"Gov. J.B. Pritzker, a Democrat, has broken the state into regions, implementing mitigation efforts in the ones where the virus is spreading the quickest. Most recently, Mr. Pritzker introduced tighter mitigation efforts statewide, closing casinos and shuttering bars and restaurants after 11 p.m.",https://dceocovid19resources.com/restore-illinois,,,"Bars, indoors; restaurant dining, indoors",Retail stores,"State parks; limited fishing, boating, golf courses; gyms",,Casinos; theaters; museums,Manufacturing; offices,,"Pet grooming; hair salons, barber shops, nail salons, spas, waxing centers, tattoo parlors",True,12671821
IN,Indiana,all,,,,"In November, Gov. Eric Holcomb, a Republican, replaced the state’s phased approach with a color-coded system of tiered restrictions. Restrictions were tightened in December and counties will not be allowed to grant exceptions to the social gathering limits imposed by a county's status. Gatherings are limited to 25 people for counties in the red tier.",https://backontrack.in.gov/,Restaurant dining; bars and nightclubs,,,Retail stores,"Gyms; pools, tennis and basketball courts; campgrounds; amusement parks, water parks",,,"Manufacturing, offices","Libraries; museums, zoos and aquariums; venues; movie theaters; bowling alleys; conventions, fairs, parades and similar events","Spas, salons, barbershops, tattoo parlors",True,6732219
KS,Kansas,all,,,,"After reopening began May 4, Gov. Laura Kelly, a Democrat, faced backlash from Republicans in the State Legislature who wanted the process to move more quickly. She vetoed a measure seeking to curb her emergency powers and allowed reopenings at the discretion of individual counties. Ms. Kelly issued a statewide mask mandate in July, but counties are allowed to opt out of the order. Ms. Kelly issued a new mask order in November that gives counties one week to draft their own order, but counties may still opt out under state law.",https://kdem.maps.arcgis.com/apps/opsdashboard/index.html#/24011ba92bdf400d975228148aea547b,Restaurant dining; bars,,,Retail stores,"Gyms; community centers, sports facilities; pools",,,Offices,"Theaters, museums and bowling alleys; casinos; nightclubs","Salons, barbershops, tattoo parlors",True,2913314
KY,Kentucky,all,,,,"Gov. Andy Beshear, a Democrat, announced that certain business restrictions that were introduced as cases spiked in November would be eased beginning Dec. 14. Restaurants and bars will be allowed to resume indoor dining, while other businesses will be able to return to 50 percent capacity.",https://govstatus.egov.com/ky-healthy-at-work,Distilleries; indoor dining; bars for indoor service,,,Retail stores,Gyms; aquatic centers; campgrounds; public pools,,,"Manufacturing, construction, offices","Movie theaters; bowling alleys; museums, aquariums, libraries, outdoor attractions; venues and events spaces","Pet grooming and boarding; salons, barbershops, tattoo parlors, etc.",True,4467673
LA,Louisiana,all,,,,"Gov. John Bel Edwards, a Democrat, extended through the end of the year an order that limits capacities for a number of businesses, including restaurants, salons and gyms.",https://gov.louisiana.gov/coronavirus/,Restaurant dining; bars in some parishes,,,Malls,"Gyms; state parks; pools; bowling alleys, skating rinks","Amusement parks, water parks and theme parks; concert and music halls",,,"Movie theaters; certain museums, zoos and aquariums; casinos; event centers","Salons and barbershops; spas, tattoo parlors",True,4648794
MA,Massachusetts,all,,,,"Gov. Charlie Baker, a Republican, announced new restrictions in December, reducing capacity limits at most businesses to 25 percent and limiting gatherings to 25 people outside and 10 inside. Earlier in the month, Mr. Baker moved the state back to Step 1 of Phase 3 of the reopening plan, closing indoor theaters, performance venues and certain recreational facilties.",https://www.mass.gov/info-details/reopening-massachusetts,Restaurant dining,,Bars,Retail stores,"Golf courses; beaches, parks, fishing, hunting and boating; gyms; indoor ice rinks",,"Ballrooms, stadiums and convention halls; indoor theaters and performance venues; skating rinks, laser tag, trampolines and obstacle courses","Construction, manufacturing; offices; hotels, lodging","Bowling alleys; museums, aquariums; outdoor theaters and performance venues; movie theaters; casinos; arcades","Hair salons, barbershops; pet grooming; nail salons, massage parlors, tanning salons",True,6892503
MD,Maryland,all,,,,"Gov. Larry Hogan, a Republican, ordered a number of businesses to reduce capacity in November after the state’s positivity rate rose above 5 percent for the first time since June. Mr. Hogan issued additional restrictions one week later, ordering restaurants and bars to close by 10 p.m. each night. In mid-December, Mr. Hogan ordered residents to limit travel to essential purposes, and the state health department issued an advisory limiting indoor gatherings to 10 people.",https://governor.maryland.gov/recovery/,"Outdoor service at breweries, wineries, and distilleries; restaurants; bars",,,Retail stores; malls,"Golf courses, outdoor shooting ranges, marinas, campgrounds; beaches; outdoor pools and day camps; gyms",,,"Manufacturing; construction, offices",Casinos; movie theaters; live entertainment venues; outdoor sports venues,"Hair salons, barbershops; nail salons, massage parlors, tanning salons, tattoo parlors",True,6045680
ME,Maine,all,,,,"Gov. Janet Mills, a Democrat, delayed the reopening of bars, increased restrictions on indoor gatherings and strengthened a statewide mask mandate as cases rose in the fall. In late December, Ms. Mills indefinitely extended an order requiring a number of businesses to close by 9 p.m. each night.",https://www.maine.gov/covid19/,Restaurants; bars open for outdoor service,,Bars for indoor service,Retail stores,"State parks, boating, golf courses; remote campgrounds, hunting and fishing; private campgrounds; gyms",,,,"Amusement parks, water parks; bowling alleys and arcades; movie theaters; performing arts venues; casinos","Hair salons, barbershops, pet groomers; nail salons and tattoo parlors; spas and massage parlors",True,1344212
MI,Michigan,all,,,,"In December, the State Health Department announced a new order easing restrictions put in place in November to curb a surge of cases. Casinos, bowling alleys and movie theaters were allowed to reopen at limited capacities beginning Dec. 21. Indoor dining at bars and restaurants remain prohibited.",https://www.michigan.gov/coronavirus/,,,Indoor dining; bars,Retail stores,"Golf courses, marinas; pools; gyms; skating rinks for individual exercise",,Night clubs,"Construction, real estate; manufacturing, including auto companies; offices",Bowling alleys; casinos; movie theaters; theaters; performance venues; arcades; amusement parks,"Pet groomers; hair salons, barbershops, nail salons, tattoo parlors",True,9986857
MN,Minnesota,all,,,,"Gov. Tim Walz, a Democrat, introduced a new set of restrictions in mid-December as the state neared the end of a four-week ""pause"" put in place in November. Restaurants and bars will be allowed to resume outdoor dining, and gyms will be allowed to reopen at 25 percent capacity. Indoor entertainment venues must remain closed.",https://staysafe.mn.gov/,Outdoor dining at restaurants; outdoor service at bars,,,Retail stores; malls,Campgrounds; gyms; pools,,"Theaters; concert halls; movie theaters; bowling alleys, arcades",Manufacturing; offices,,"Salons, barbershops, tattoo parlors",True,5639632
MO,Missouri,all,,,,"Gov. Mike Parson, a Republican, reopened all businesses in early May, with social distancing rules, and later lifted all restrictions. In September, Mr. Parson tested positive for the coronavirus.",https://showmestrong.mo.gov/,Restaurant dining,,,Retail stores,Gyms; campgrounds,,,,"Movie theaters, music venues, etc.; casinos","Salons, barbershops, tattoo parlors, etc.",True,6137428
MS,Mississippi,all,,,,"Gov. Tate Reeves, a Republican, announced new restrictions in December, capping social gatherings at 10 people indoors and 50 outdoors. Mr. Reeves has resisted calls to reinstate a broader, statewide mask mandate he let expire in September, but has instead ordered their use on a county-by-county basis. As of late December, masks were required in all but four counties.",https://governorreeves.ms.gov/covid-19/,"Restaurant dining, bars",,,Retail stores,State parks; gyms,,,,"Casinos; movie theaters; libraries, museums",Salons and barbershops; tattoo parlors,True,2976149
MT,Montana,all,,,,"Former Gov. Steve Bullock, a Democrat, had issued an expanded mask order and limited public gatherings to 25 in November and had ordered bars, restaurants and casinos to operate at 50 percent capacity and close by 10 p.m. each night. Incoming Gov. Greg Gianforte, a Republican, has not said what changes may be made to the state's restrictions.",https://dphhs.mt.gov/publichealth/cdepi/diseases/coronavirusmt#9247810301-information-for-employers,"Restaurant dining, bars, breweries and distilleries",,,Retail stores,Gyms,,,,"Museums, movie theaters; concert venues; bowling alleys; casinos","Salons, barbershops, massage parlors",True,1068778
NC,North Carolina,all,,,,"Gov. Roy Cooper, a Democrat, announced a new stay-at-home order, which requires North Carolinians to stay home from 10 p.m. to 5 a.m., effective Dec. 11. Many businesses will also be required to close at 10 p.m. each night.",https://www.nc.gov/covid19,Restaurant dining; bars for outdoor service,,,Retail stores,Pools; playgrounds; gyms,,,,"Museums and aquariums; bowling alleys and skating rinks; large outdoor venues; auditoriums, amphitheaters, arenas and other venues for live performances; movie theaters; amusement parks for outdoor attractions","Salons, barbershops, tattoo parlors",True,10488084
ND,North Dakota,all,,,,"Gov. Doug Burgum, a Republican, announced that restrictions put in place as cases surged in November would be loosened beginning Jan. 8. Restaurants and bars may operate at 65 percent capacity, while event venues may increase their occupancy to 50 percent capacity. The statewide mask order will remain in effect until at least Jan. 18.",https://ndresponse.gov/covid-19-resources/covid-19-business-and-employer-resources/nd-smart-restart/nd-smart-restart-protocols,"Restaurant dining, bars",,,Retail,Gyms; sports venues,,,,Movie theaters; music and entertainment venues,"Salons, tattoo parlors, massage therapy, etc.",True,762062
NE,Nebraska,all,,,,"Gov. Pete Ricketts, a Republican, announced that the state would move to the ""blue"" phase on the state's color-coded restriction system as hospitalizations decreased in December. In the blue phase, indoor gathering limits are allowed to increase to 75 percent of capacity.",https://www.klkntv.com/live-gov-ricketts-announces-new-covid-19-health-measures/,Restaurant dining; bars,,,Retail,Pools; gyms,,,,"Zoos, movie theaters, libraries and venues","Salons, barbershops, tattoo parlors, etc.",True,1934408
NH,New Hampshire,all,,,,"Gov. Chris Sununu, a Republican, has reopened most businesses, but in November he issued a mask mandate and travel guidance requiring 14-day quarantines for anyone entering the state from high-risk areas.",https://www.covidguidance.nh.gov/,Restaurant dining,,,Retail stores,Golf courses; outdoor attractions; beaches; gyms; pools,,,,"Libraries, museums, art galleries; bowling alleys and entertainment centers; movie theaters; amusement parks; live performances","Barbershops, hair salons, etc.; nail salons; tanning salons; tattoo shops; acupuncturists and massage therapists",True,1359711
NJ,New Jersey,all,,,,"Gov. Phil Murphy, a Democrat, cautiously reopened indoor dining this fall, but as the second wave of the virus arrived in November, he prohibited businesses from serving food and beverages indoors after 10 p.m. Mr. Murphy most recently announced that on Dec. 7 gatherings would be limited to 25 individuals, with exemptions for religious gatherings and other activities. ",https://covid19.nj.gov/,Restaurant dining,,,Retail stores; malls,Golf courses; beaches; campgrounds; pools; gyms,,,Construction,"Libraries for curbside pickup; casinos; playgrounds, water parks, amusement parks; museums, libraries, aquariums; bowling alleys, batting cages, shooting ranges; indoor amusement facilities; movie theaters and other indoor entertainment venues","Hair salons, barbershops; nail salons, tattoo parlors, spas, massage therapy, tanning salons",True,8882190
NM,New Mexico,all,,,,"Gov. Michelle Lujan Grisham, a Democrat, introduced a tiered, county-by-county system for imposing restrictions in early December. As of Dec. 30, all but one county was in the most restrictive tier, which prohibits indoor dining.",https://cv.nmhealth.org/,Outdoor dining; indoor dining in some areas,,Bars,Retail,"Golf courses, pools, zoos, state parks; gyms; ice skating rinks",,Casinos; theaters; arcades; aquariums; concert venues; amusement parks; dance clubs; state museums,,Bowling alleys,"Hair salons, barbershops, tattoo parlors, massage parlors, nail salons",True,2096829
NV,Nevada,all,,,,"Gov. Steve Sisolak, a Democrat, announced a ""Statewide Pause"" in late November, placing stricter capacity limits on many businesses and tightening restrictions on gatherings and mask usage. In December, he extended that pause through mid-January.",https://nvhealthresponse.nv.gov/,Restaurants; bars,,,Retail stores; malls,"Golf courses, pickleball, tennis courts; state parks; gyms; pools and water parks",,,,"Museums, art galleries, zoos and aquariums; movie theaters, bowling alleys; gaming","Barbershops, hair salons and nail salons; massage therapy; tattoo and piercing shops",True,3080156
NY,New York,all,,,,"Gov. Andrew M. Cuomo, a Democrat, ordered indoor dining to shut down once again in New York City beginning Dec. 14, following an increase hospitalizations. Mr. Cuomo also announced a change to the state's micro-cluster strategy, allowing gyms and salons to reopen at 25 percent capacity in ""orange"" zones.",https://coronavirus.health.ny.gov/home,Restaurant dining,,Indoor dining in some areas; indoor dining in New York City,Retail stores; malls,"Beaches; fishing and hunting; public pools and playgrounds; outdoor zoos, botanical gardens and nature parks; gyms; ski resorts",,Amusement parks; movie theaters in some areas,"Construction, manufacturing; offices; film and television production",Bowling alleys; museums and aquariums; casinos; movie theaters in some areas,"Hair salons, barbershops; tattoo parlors, massage parlors, nail salons",True,19453561
OH,Ohio,all,,,,"Gov. Mike DeWine, a Republican, recently added enforcement measures to his statewide mask order. Public gatherings were limited to 10 people and Mr. DeWine extended a nighttime curfew through Jan. 23. Officials recommended that people stay home in counties with the highest rates of virus spread and avoid travel to states with more than a 15 percent test-positivity rate. ",https://coronavirus.ohio.gov/wps/portal/gov/covid-19/home,Restaurant dining and bars,,,Retail stores,"Campgrounds; gyms, pools, and sports leagues; bowling alleys, miniature golf and batting cages; aquariums, zoos; skating rinks, playgrounds, country clubs",,,"Manufacturing, distribution, construction; offices","Movie theaters, museums, art galleries; casinos, racinos, amusement parks, water parks","Salons, barbershops, etc.",True,11689100
OK,Oklahoma,all,,,,"In mid-November, Gov. Kevin Stitt, a Republican required bars and restaurants to close at 11 p.m. and encouraged people to social distance and to wear a mask. In mid-December, Mr. Stitt limited public gatherings and attendance at indoor sporting events to 50 percent of capacity.",https://coronavirus.health.ok.gov/,Restaurant dining; bars,,,Retail stores,State parks; zoos; gyms,,,Offices,"Movie theaters, sports venues, museums; nightclubs","Salons, barbershops, spas, pet groomers, etc.; tattoo parlors",True,3956971
OR,Oregon,all,,,,"After a two-week closure of restaurants, gyms and entretainment venues, Gov. Kate Brown, a Democrat, relaxed measures in most counties. Starting Dec. 2 outdoor dining is permitted, and outdoor pools and zoos can reopen with 50 percent capacity in most counties. Retail stores must limit their capacity to 50 percent. Gyms and entretainment venues remain closed and gatherings are still limited to six people or members of two households.",https://govstatus.egov.com/or-covid-19/,Restaurants and bars,,Indoor dining in most counties,Retail stores,Some state parks; pools in most counties; gyms; pools; zoos,Gyms in most counties,"Museums, theaters in most counties",Offices in most counties,"Movie theaters, bowling alleys in most counties","Salons, barbershops",True,4217737
PA,Pennsylvania,all,,,,"After a three-week pause, Gov. Tom Wolf, a Democrat, announced the reopening at half-capacity of indoor dining, gyms and entertainment venues, starting Jan. 4. Gathering limits increased to 500 people indoors and 2,500 people outdoors. Face coverings are still required.",https://www.governor.pa.gov/process-to-reopen-pennsylvania/,Indoor dining,,,Retail stores; shopping malls,"Golf courses, marinas, private campgrounds; beaches; state parks; public pools; gyms",,,,"Movie theaters, musems, casinos","Hair salons, barbershops, spas",True,12801989
PR,Puerto Rico,all,,,,"Gov. Wanda Vázquez lifted a prohibition on the sale of alcohol during weekends, while a curfew from 9 p.m. to 5 a.m. and a 24-hour lock-down on Sundays remained in effect. On Sundays, only religious services, pharmacies, supermakets and restaurants for pick up or delivery are allowed to operate. Capacity limits on businesses, entertainment venues and religious services remain at 30 percent.",http://www.salud.gov.pr/Pages/coronavirus.aspx,Outdoor dining,,Bars,Retail stores; malls,Beaches; gyms,,,,Museums; outdoor concerts and other open venues; movie theaters; casinos,"Salons, barbershops; pet grooming",True,3193694
RI,Rhode Island,all,,,,"After a three-week statewide pause, Gov. Gina Raimondo, a Democrat, allowed gyms, casinos, bowling alleys and other entertainment venues to reopen with social distancing and early closures. Movie theaters can reopen with 25 percent capacity, and indoor dining can increase to 50 percent capacity. Limits on social gatherings, retail stores, houses of worship and the closure of bars remain in place. ",https://health.ri.gov/covid/,Restaurant dining,,Bars,Retail stores,State parks; beaches; gyms; casinos; campgrounds; gyms,,,Offices; malls,"Bowling alleys, theaters, casinos","Hair salons, barbershops; nail salons, massage parlors, tattoo shops",True,1059361
SC,South Carolina,all,,,,"Gov. Henry McMaster, a Republican, allowed restaurants to operate at full capacity starting Oct. 2. Face masks are required inside restaurants statewide, even if local goverments do not mandate mask wearing.",https://accelerate.sc.gov/,Restaurant dining; bars,,,Retail stores,"Beaches, piers, docks, etc.; gyms; pools; amusement parks, water parks",,,,"Museums, zoos, aquariums; movie theaters, stadiums, festival parades, racetracks; nightclubs","Salons, barbershops, tattoo parlors, etc.",True,5148714
SD,South Dakota,all,,,,"Gov. Kristi Noem, a Republican, announced that she will not order a lockdown or a mask mandate such as those in other states. For Thanksgiving, Ms. Noem recommended keeping gatherings small, washing hands, staying home when feeling sick and being careful around vulnerable populations. ",https://covid.sd.gov/,Restaurant dining,,,Retail stores,Gyms,,,,,"Salons, barbershops",True,884659
TN,Tennessee,all,,,,"Gov. Bill Lee, a Republican, has allowed local governments to institute mask requirements. Mr. Lee has also limited public indoor gatherings to 10 people, with exemptions for worship services, weddings and funerals, through Jan. 19. ",https://covid19.tn.gov/,Restaurant dining; bars,,,Retail stores,State parks; gyms,,,,"Theaters, museums, amusement parks","Salons, barbershops, etc.",True,6829174
TX,Texas,all,,,,"Gov. Greg Abbott, a Republican, was among the first governors to lift restrictions and then the first to reverse course and close some businesses when cases rose.",https://www.dshs.state.tx.us/coronavirus/,Restaurant dining; bars in most counties,,,"Retail stores, malls",State parks; pools; gyms; water parks; zoos,,,"Offices, manufacturing","Movie theaters, museums, libraries; bowling alleys, bingo halls, skating rinks, rodeos; aquariums; amusement parks; carnivals","Salons, barbershops, etc.; massage services",True,28995881
UT,Utah,all,,,,"In mid-December, former Gov. Gary R. Herbert, a Republican, extended the mask order for all counties through Jan. 21 and removed restrictions on alcohol sales after 10 p.m. ",https://coronavirus.utah.gov/utah-health-guidance-levels/,Restaurant dining,,,Retail stores,Gyms; pools,,,,"Movie theatres, museums, libraries, concerts","Salons, personal care businesses",True,3205958
VA,Virginia,all,,,,"Gov. Ralph S. Northam, a Democrat, reduced public gatherings from 250 people to 25, required masks indoors and outdoors and prohibited the sale of alcohol after 10 p.m. starting Nov. 15. ",https://www.vdh.virginia.gov/coronavirus/,Restaurants and bars,,,Retail stores,Campgrounds; beaches; gyms; pools,,,,"Museums, zoos, aquariums, outdoor concerts","Salons, barbershops, etc.",True,8535519
VT,Vermont,all,,,,"Gov. Phil Scott, a Republican, allowed gatheings with one other household for the holidays, between Dec. 23 and Jan. 2. Mr. Scott also allowed outdoor recreational activities with other households and, starting Dec. 26, no-contact practices for youth sports.",https://www.healthvermont.gov/covid-19,Restaurant dining; bars,,Bars,Retail stores,"State parks, golf courses, trails, etc.; campgrounds; gyms, fitness centers",,,"Manufacturing, construction, distribution","Museums, theaters, libraries","Hair salons and barbershops; nail salons, spas, tattoo parlors",True,623989
WA,Washington,all,,,,"Gov. Jay Inslee, a Democrat, extended the closure of restaurants, bars, musems, zoos, aquariums, gyms, movie theaters and bowling alleys through Jan. 11. He also limited to 25 percent the capacity of retail stores, salons and religious services, but removed the 200-person maximum for houses of worship. Indoor social gatherings with people from another household are prohibited, as are outdoor social gatherings with more than five people from another household. Anyone returning from a country where a ",https://coronavirus.wa.gov/,Restaurant dining,,Restaurant dining,Retail stores,"State parks, fishing, hunting, golf courses; gyms",Gyms,"Bowling alleys; movie theaters, museums, zoos, aquariums",Construction,Casinos; museums in some counties; bowling alleys  in some counties,"Hair salons, barbershops, tattoo parlors, etc.; pet grooming",True,7614893
WI,Wisconsin,all,,,,"In November, Gov. Tony Evers, a Democrat, signed an executive order strongly encouraging residents to stay at home. ",https://www.dhs.wisconsin.gov/covid-19/index.htm,Restaurants and bars,,,Retail stores,Golf courses; state parks; gyms,,,,,"Pet groomers for curbside dropoff; hair salons, spas, barbershops",True,5822434
WV,West Virginia,all,,,,"Gov. Jim Justice, a Republican, broadened the indoor face mask mandate to apply at all times, regardless of the social distancing. Mr. Justice also prohibited youth sports at least until Jan. 11. Starting Jan. 19, elementary and middle schools will return to in-person classes in counties that aren't red in state's county alert map, tracks each county's case and test-positivity rates. In early January, only 12 of the state's 55 counties were not red.",https://dhhr.wv.gov/COVID-19/Pages/default.aspx,Restaurant dining; bars,,,Retail stores; malls,"Gyms, recreation centers; state parks, campgrounds; pools",,,,"Museums, zoos; bowling alleys, pool halls, roller rinks; casinos; movie theaters; amusement parks, fairs, festivals","Salons, barbershops, pet groomers; tanning salons; massage parlors and spas",True,1792147
WY,Wyoming,all,,,,"Gov. Mark Gordon, a Republican, extended safety measures for bars, gyms and schools until Dec. 15. He also limited indoor gatherings to 25 people and outdoor gatherings to 125 people. Religious services, funerals and parades are exempt from gathering limits. From Dec. 9 through Jan. 8, face coverings are required in most businesses and on public transportation. ",https://health.wyo.gov/publichealth/infectious-disease-epidemiology-unit/disease/novel-coronavirus/,Restaurant dining; bars,,,Retail stores,Gyms; state parks,,,,"Movie theaters, entertaiment venues","Hair salons, barbershops, tattoo parlors, massage therapy, etc.",True,578759
